title,views,date_time,video_link,thumbnail_link
Binary Trees Explained in 4 Minutes!,1.7K views,5 days ago,/watch?v=Um_sAan1LO4,https://i.ytimg.com/vi/Um_sAan1LO4/hqdefault.jpg
Dynamic Programming Explained in 6 Minutes,4.3K views,1 month ago,/watch?v=ByIhiLNbahY,https://i.ytimg.com/vi/ByIhiLNbahY/hqdefault.jpg
I went to IIT Delhi to meet Gate AIR 20 | Crack GATE with GeeksforGeeks!,1.8K views,1 month ago,/watch?v=ZSan8vrbWfw,https://i.ytimg.com/vi/ZSan8vrbWfw/hqdefault.jpg
Struggling with GATE? We can help boost your rank!,940 views,1 month ago,/watch?v=xgHQyBP9gDM,https://i.ytimg.com/vi/xgHQyBP9gDM/hqdefault.jpg
What do Software Engineers Really Do? | Are software engineering jobs really for you?,9.3K views,1 month ago,/watch?v=rg7B6QH7RZA,https://i.ytimg.com/vi/rg7B6QH7RZA/hqdefault.jpg
Get 55+ Marks Easily in GATE CS 2026 using this strategy,35K views,1 month ago,/watch?v=hc4_PWFFJnk,https://i.ytimg.com/vi/hc4_PWFFJnk/hqdefault.jpg
What is Machine Learning? | Lecture 1 | Free Video,3K views,1 month ago,/watch?v=1PtHLVsG_8s,https://i.ytimg.com/vi/1PtHLVsG_8s/hqdefault.jpg
A Day in the Life at IIT: Struggles & Successes üéì || Meet Apoorva GATE AIR 20,7K views,1 month ago,/watch?v=Ioj_XA-_jIY,https://i.ytimg.com/vi/Ioj_XA-_jIY/hqdefault.jpg
DSA was hard until i learned these 10 Patterns | Master DSA Now,15K views,1 month ago,/watch?v=aWjFPloGYmg,https://i.ytimg.com/vi/aWjFPloGYmg/hqdefault.jpg
You're missing out by not starting the Three 90 Challenge!,442K views,1 month ago,/watch?v=Tcmo0fSCAJQ,https://i.ytimg.com/vi/Tcmo0fSCAJQ/hqdefault.jpg
Which Programming Language should you learn in 2025 ? | *Free Resources Inside*,1.8K views,1 month ago,/watch?v=qduULN56XGk,https://i.ytimg.com/vi/qduULN56XGk/hqdefault.jpg
Your next 90 Days with Three 90 Challenge! | GeeksforGeeks,37K views,2 months ago,/watch?v=SKAfmFZrODc,https://i.ytimg.com/vi/SKAfmFZrODc/hqdefault.jpg
How to Crack Gate CSE Exam in Just 30 Days ? | Ultimate Roadmap | @GfG_GATE,1.4K views,2 months ago,/watch?v=p-ZRBDab5is,https://i.ytimg.com/vi/p-ZRBDab5is/hqdefault.jpg
Three 90 Challenge Winners | GeeksforGeeks,612 views,2 months ago,/watch?v=-tdb0AghaSU,https://i.ytimg.com/vi/-tdb0AghaSU/hqdefault.jpg
Three 90 Challenge Winners | GeeksforGeeks,570 views,2 months ago,/watch?v=LFxU2PSFMkQ,https://i.ytimg.com/vi/LFxU2PSFMkQ/hqdefault.jpg
Three 90 Challenge by GeeksforGeeks | Commonly Asked Questions | FAQs,790 views,2 months ago,/watch?v=sb3a4JmUVPc,https://i.ytimg.com/vi/sb3a4JmUVPc/hqdefault.jpg
Three 90 Challenge Winners | GeeksforGeeks,1.1K views,2 months ago,/watch?v=rxDSGn5OA7c,https://i.ytimg.com/vi/rxDSGn5OA7c/hqdefault.jpg
Three 90 Challenge Winners | Real Stories | GeeksforGeeks,3.2K views,2 months ago,/watch?v=9-EHruhI6g0,https://i.ytimg.com/vi/9-EHruhI6g0/hqdefault.jpg
Ready to take on the challenge? | 90% Refund Challenge by GeeksforGeeks,193K views,2 months ago,/watch?v=B05KjM_OLTA,https://i.ytimg.com/vi/B05KjM_OLTA/hqdefault.jpg
"I went to the House of a Microsoft Software Engineer | Resume Revealed |SDE Roadmap, Salary, Perks",5.2K views,2 months ago,/watch?v=nQ-dpHJPS2c,https://i.ytimg.com/vi/nQ-dpHJPS2c/hqdefault.jpg
The Only Cyber Security Roadmap you need for 2025 |,9.9K views,2 months ago,/watch?v=0CMNIpd-s_c,https://i.ytimg.com/vi/0CMNIpd-s_c/hqdefault.jpg
GeeksforGeeks is going to rock the world of Education with this move!,1.8K views,2 months ago,/watch?v=Na5zVw3g9So,https://i.ytimg.com/vi/Na5zVw3g9So/hqdefault.jpg
How to get a job in MAANG as a College Student ? | Tips and Hacks | Roadmap,5.2K views,2 months ago,/watch?v=dE-MlQnCT78,https://i.ytimg.com/vi/dE-MlQnCT78/hqdefault.jpg
Get your Dream Internship in the First Year of College | Step by Step Guide,1K views,2 months ago,/watch?v=89A8dNvjLYw,https://i.ytimg.com/vi/89A8dNvjLYw/hqdefault.jpg
GfG Practice Channel Now Home to GfG 160 Challenge New Videos!,870 views,2 months ago,/watch?v=_l2tH4saDl4,https://i.ytimg.com/vi/_l2tH4saDl4/hqdefault.jpg
GfG 160 | Day- 42 | Pair with given sum - 2Sum | 160 Days Daily DSA Problem Solving | GeeksforGeeks,761 views,2 months ago,/watch?v=gkps-WFPHYI,https://i.ytimg.com/vi/gkps-WFPHYI/hqdefault.jpg
These 7 AI Projects will give you an UNFAIR Advantage  | Get Placed,1.3K views,2 months ago,/watch?v=cm1oKGS3mP4,https://i.ytimg.com/vi/cm1oKGS3mP4/hqdefault.jpg
GfG 160 | Day- 41 | Set Matrix Zeroes | 160 Days Daily DSA Problem Solving | GeeksforGeeks,582 views,2 months ago,/watch?v=rOcXfIP3vps,https://i.ytimg.com/vi/rOcXfIP3vps/hqdefault.jpg
GfG 160 | Day- 40 | Search in a Sorted Matrix | 160 Days Daily DSA Problem Solving | GeeksforGeeks,591 views,2 months ago,/watch?v=maEcp5OXLgg,https://i.ytimg.com/vi/maEcp5OXLgg/hqdefault.jpg
FREE GATE Test Series 2025 by GeeksforGeeks,2.9K views,2 months ago,/watch?v=au6Ui7tnPxI,https://i.ytimg.com/vi/au6Ui7tnPxI/hqdefault.jpg
GfG 160 | Day- 39 | Search in a row-wise sorted | 160 Days Daily DSA Problem Solving | GeeksforGeeks,530 views,2 months ago,/watch?v=ln6LYCHeris,https://i.ytimg.com/vi/ln6LYCHeris/hqdefault.jpg
GfG 160 | Day- 38 | Search in a Row-wise and Column-wise Sorted | 160 Days Daily DSA Problem Solving,576 views,2 months ago,/watch?v=aZdTzG-OmLU,https://i.ytimg.com/vi/aZdTzG-OmLU/hqdefault.jpg
GfG 160 | Day- 37 | Rotate Matrix | 160 Days Daily DSA Problem Solving | GeeksforGeeks,620 views,2 months ago,/watch?v=RUQF765u8CY,https://i.ytimg.com/vi/RUQF765u8CY/hqdefault.jpg
GfG 160 | Day- 36 | Spiral Traversal | 160 Days Daily DSA Problem Solving | GeeksforGeeks,597 views,2 months ago,/watch?v=vI67TeaN6bg,https://i.ytimg.com/vi/vI67TeaN6bg/hqdefault.jpg
Fastest way to become a AI Engineer in 2025 | *Free Resources Inside*,1.9K views,2 months ago,/watch?v=kAiqXF3TyVg,https://i.ytimg.com/vi/kAiqXF3TyVg/hqdefault.jpg
GfG 160 | Day- 35 | Kth Missing Positive Number | 160 Days Daily DSA Problem Solving | GeeksforGeeks,651 views,2 months ago,/watch?v=Z2UNcqPXOPc,https://i.ytimg.com/vi/Z2UNcqPXOPc/hqdefault.jpg
GeeksforGeeks Classes- Now in Hyderabad!,222K views,2 months ago,/watch?v=fvPrYPgDONY,https://i.ytimg.com/vi/fvPrYPgDONY/hqdefault.jpg
GfG 160 | Day- 34 | Allocate Minimum Pages | 160 Days Daily DSA Problem Solving | GeeksforGeeks,605 views,2 months ago,/watch?v=POVcprzEWq4,https://i.ytimg.com/vi/POVcprzEWq4/hqdefault.jpg
GfG 160 | Day- 33 | Aggressive Cows | 160 Days Daily DSA Problem Solving | GeeksforGeeks,664 views,2 months ago,/watch?v=xUBzyf-EixQ,https://i.ytimg.com/vi/xUBzyf-EixQ/hqdefault.jpg
GfG 160 | Day- 32 | K-th Element of Merged Two Sorted Arrays | 160 Days Daily DSA Problem Solving,720 views,2 months ago,/watch?v=xgXJ0t_B_24,https://i.ytimg.com/vi/xgXJ0t_B_24/hqdefault.jpg
GfG 160 | Day- 31 | Peak Element | 160 Days Daily DSA Problem Solving | GeeksforGeeks,613 views,2 months ago,/watch?v=AqV-_bIyH30,https://i.ytimg.com/vi/AqV-_bIyH30/hqdefault.jpg
GfG 160 | Day- 30 | Search in a Sorted and Rotated Array | 160 Days Daily DSA Problem Solving | GfG,688 views,2 months ago,/watch?v=tCZb576NK7k,https://i.ytimg.com/vi/tCZb576NK7k/hqdefault.jpg
GfG 160 | Day- 29 | Minimum in a Sorted and Rotated Array | 160 Days Daily DSA Problem Solving | GfG,612 views,2 months ago,/watch?v=EtX8zY-DPdE,https://i.ytimg.com/vi/EtX8zY-DPdE/hqdefault.jpg
GfG 160 | Day- 28 | Count Occurrences in a Sorted Array | 160 Days Daily DSA Problem Solving | GfG,587 views,2 months ago,/watch?v=CofV2PsroxI,https://i.ytimg.com/vi/CofV2PsroxI/hqdefault.jpg
GfG 160 | Day- 27 | Merge Two Sorted Arrays Without Extra Space | 160 Days Daily DSA Problem Solving,712 views,2 months ago,/watch?v=CtmkAKGVI10,https://i.ytimg.com/vi/CtmkAKGVI10/hqdefault.jpg
GfG 160 | Day- 26 | Non-overlapping Intervals | 160 Days Daily DSA Problem Solving | GeeksforGeeks,909 views,2 months ago,/watch?v=-45THxt4sE8,https://i.ytimg.com/vi/-45THxt4sE8/hqdefault.jpg
GfG 160 | Day- 25 | Insert and Merge Interval | 160 Days Daily DSA Problem Solving | GeeksforGeeks,614 views,3 months ago,/watch?v=9pN0jPYvJcM,https://i.ytimg.com/vi/9pN0jPYvJcM/hqdefault.jpg
GfG 160 | Day- 24 | Merge Overlapping Intervals | 160 Days Daily DSA Problem Solving | GeeksforGeeks,661 views,3 months ago,/watch?v=NgqBuVrtB9U,https://i.ytimg.com/vi/NgqBuVrtB9U/hqdefault.jpg
GfG 160 | Day - 23 | Count Inversions | 160 Days Daily DSA Problem Solving | GeeksforGeeks,813 views,3 months ago,/watch?v=XhWxlh1ObDc,https://i.ytimg.com/vi/XhWxlh1ObDc/hqdefault.jpg
GfG 160 | Day - 22 | H-Index | 160 Days Daily DSA Problem Solving | GeeksforGeeks,893 views,3 months ago,/watch?v=9fA8Pg4Q2QI,https://i.ytimg.com/vi/9fA8Pg4Q2QI/hqdefault.jpg
Tech Hiring in 2025: Complete Career Guide by Bain & Company Director,689 views,3 months ago,/watch?v=bVQCe5l_cZw,https://i.ytimg.com/vi/bVQCe5l_cZw/hqdefault.jpg
"GfG 160 | Day - 21 | Sort an array of 0s, 1s and 2s | 160 Days Daily DSA Problem Solving | GfG",713 views,3 months ago,/watch?v=A-ytmX7bXE4,https://i.ytimg.com/vi/A-ytmX7bXE4/hqdefault.jpg
GfG 160 | FAQs Video | 160 Days Daily DSA Problem Solving,1.2K views,3 months ago,/watch?v=EQTzVinWQ_g,https://i.ytimg.com/vi/EQTzVinWQ_g/hqdefault.jpg
GfG 160 | Day - 20 | String Rotations of each other | 160 Days Daily DSA Problem Solving | GfG,680 views,3 months ago,/watch?v=UOLi02in9BE,https://i.ytimg.com/vi/UOLi02in9BE/hqdefault.jpg
GeeksforGeeks- A Global Coding Community,448 views,3 months ago,/watch?v=hqA1A9AUiWU,https://i.ytimg.com/vi/hqA1A9AUiWU/hqdefault.jpg
GfG 160 | Day - 19 | Min Chars to Add for Palindrome | 160 Days Daily DSA Problem Solving | GfG,830 views,3 months ago,/watch?v=Kl302p8FxS4,https://i.ytimg.com/vi/Kl302p8FxS4/hqdefault.jpg
GfG 160 | Day - 18 | KMP Algorithm for Pattern Searching | 160 Days Daily DSA Problem Solving | GfG,865 views,3 months ago,/watch?v=UUcec5qbfZI,https://i.ytimg.com/vi/UUcec5qbfZI/hqdefault.jpg
Introduction to Strings: 4-Hour Complete Video | DSA Series for Beginners,5.2K views,3 months ago,/watch?v=qdj6l7PaulA,https://i.ytimg.com/vi/qdj6l7PaulA/hqdefault.jpg
GfG 160 | Day - 17 | First Non-Repeating Character | 160 Days Daily DSA Problem Solving | GfG,652 views,3 months ago,/watch?v=NxnfmfScXBE,https://i.ytimg.com/vi/NxnfmfScXBE/hqdefault.jpg
GfG 160 | Day - 16 | Anagram Check | 160 Days Daily DSA Problem Solving | GeeksforGeeks,816 views,3 months ago,/watch?v=Tr3s_nuSGgM,https://i.ytimg.com/vi/Tr3s_nuSGgM/hqdefault.jpg
GfG 160 | Day - 15 | Add Two Binary Strings | 160 Days Daily DSA Problem Solving | GfG,1K views,3 months ago,/watch?v=WMmu8ktpF3k,https://i.ytimg.com/vi/WMmu8ktpF3k/hqdefault.jpg
"I went to the House of a Microsoft Software Engineer | Life at Microsoft |SDE Roadmap, Salary, Perks",17K views,3 months ago,/watch?v=vNVSlT0WgKk,https://i.ytimg.com/vi/vNVSlT0WgKk/hqdefault.jpg
GfG 160 | Day - 14 | String to Integer - Your Own atoi() | 160 Days Daily DSA Problem Solving | GfG,1.4K views,3 months ago,/watch?v=ne_Ki_sdRSk,https://i.ytimg.com/vi/ne_Ki_sdRSk/hqdefault.jpg
GfG 160 | Day - 13 | First Missing Positive | 160 Days Daily DSA Problem Solving | GeeksforGeeks,868 views,3 months ago,/watch?v=LGGKan4TOXM,https://i.ytimg.com/vi/LGGKan4TOXM/hqdefault.jpg
GfG 160 | Day - 12 | Maximum Sum Subarray in Circular | 160 Days Daily DSA Problem Solving | GfG,918 views,3 months ago,/watch?v=l7smKuFKnNU,https://i.ytimg.com/vi/l7smKuFKnNU/hqdefault.jpg
"How She Cracked Google, Microsoft and Goldman Sachs? | Inspirational Journey",4.5K views,3 months ago,/watch?v=EI_sa4mRuzY,https://i.ytimg.com/vi/EI_sa4mRuzY/hqdefault.jpg
GfG 160 | Day - 11 | Maximum Product Subarray | 160 Days Daily DSA Problem Solving | GeeksforGeeks,900 views,3 months ago,/watch?v=54ftU2BX32Q,https://i.ytimg.com/vi/54ftU2BX32Q/hqdefault.jpg
GfG 160 | Day - 10 | Maximum Sum Subarray | 160 Days Daily DSA Problem Solving | GeeksforGeeks,917 views,3 months ago,/watch?v=UtKnJyQmptY,https://i.ytimg.com/vi/UtKnJyQmptY/hqdefault.jpg
OFF CAMPUS Placement and Internship 2025 Calendar revealed | Which company hires when?,5.8K views,3 months ago,/watch?v=m1bMe7YBLfQ,https://i.ytimg.com/vi/m1bMe7YBLfQ/hqdefault.jpg
GfG 160 | Day - 9 | Minimize the Heights | 160 Days Daily DSA Problem Solving | GeeksforGeeks,1.2K views,3 months ago,/watch?v=FbwS1Uc1G5g,https://i.ytimg.com/vi/FbwS1Uc1G5g/hqdefault.jpg
GfG 160 | Day - 8 | Stock Buy and Sell (With One Limit) | 160 Days Daily DSA Problem Solving | GfG,1K views,3 months ago,/watch?v=SJ7nskvro4k,https://i.ytimg.com/vi/SJ7nskvro4k/hqdefault.jpg
Master Front End Development with this Roadmap | Free Doc Resource Inside,1.7K views,3 months ago,/watch?v=oerwFx6CZk4,https://i.ytimg.com/vi/oerwFx6CZk4/hqdefault.jpg
Winter Carnival Tickets are Live Now,554 views,3 months ago,/watch?v=k5fAC_ORuOg,https://i.ytimg.com/vi/k5fAC_ORuOg/hqdefault.jpg
GfG 160 | Day - 7 | Stock Buy and Sell (With No Limit) | 160 Days Daily DSA Problem Solving | GfG,1.3K views,3 months ago,/watch?v=ULd5mo-bCE4,https://i.ytimg.com/vi/ULd5mo-bCE4/hqdefault.jpg
GfG 160 | Day - 6 | Majority Element II | 160 Days Daily DSA Problem Solving | GeeksforGeeks,1.2K views,3 months ago,/watch?v=6Mfyfn1_4BY,https://i.ytimg.com/vi/6Mfyfn1_4BY/hqdefault.jpg
GfG 160 | Day - 5 | Next Permutation | 160 Days Daily DSA Problem Solving | GeeksforGeeks,1.9K views,3 months ago,/watch?v=GQdOXQKdtQM,https://i.ytimg.com/vi/GQdOXQKdtQM/hqdefault.jpg
GfG 160 | Day - 4 | Rotate an Array | 160 Days Daily DSA Problem Solving | GeeksforGeeks,1.9K views,3 months ago,/watch?v=5KzhdiOePOU,https://i.ytimg.com/vi/5KzhdiOePOU/hqdefault.jpg
GfG 160 | Day - 3 | Reverse an Array | 160 Days Daily DSA Problem Solving | GeeksforGeeks,1.9K views,3 months ago,/watch?v=gGtmacuQu-k,https://i.ytimg.com/vi/gGtmacuQu-k/hqdefault.jpg
Use AI Before it Uses you!! | Become a 10x Coder,1.4K views,3 months ago,/watch?v=tXU3YRu23kU,https://i.ytimg.com/vi/tXU3YRu23kU/hqdefault.jpg
GfG 160 | Day - 2 | Move all Zeros to End | 160 Days Daily DSA Problem Solving | GeeksforGeeks,2.5K views,3 months ago,/watch?v=Q2ynXrtGN8Y,https://i.ytimg.com/vi/Q2ynXrtGN8Y/hqdefault.jpg
GfG 160 | Day - 1 | Second Largest Element | 160 Days Daily DSA Problem Solving | GeeksforGeeks,6.1K views,3 months ago,/watch?v=JoNs4m0QCig,https://i.ytimg.com/vi/JoNs4m0QCig/hqdefault.jpg
GfG 160 | 160 Days Daily DSA Problem Solving | GeeksforGeeks,9.8K views,3 months ago,/watch?v=puDKP5_0Ol4,https://i.ytimg.com/vi/puDKP5_0Ol4/hqdefault.jpg
"From Tier 3 College to Qualcomm as a Software Developer | Resume , Mistakes , Projects , Interview",1.1K views,3 months ago,/watch?v=1TnVdzwbzJo,https://i.ytimg.com/vi/1TnVdzwbzJo/hqdefault.jpg
Why you will not get placed? | Save yourself Now,2.2K views,3 months ago,/watch?v=b-6rmk233DU,https://i.ytimg.com/vi/b-6rmk233DU/hqdefault.jpg
Y.O.G.I. | Your Own GeeksforGeeks Intelligence | Access to 7+ Features with GeeksforGeeks Premium,2.9K views,3 months ago,/watch?v=rfyhmQYEJKE,https://i.ytimg.com/vi/rfyhmQYEJKE/hqdefault.jpg
"GeeksforGeeks Offline Classes- Visit for Free Counselling | Now in Delhi/NCR, Bengaluru, Pune",1M views,4 months ago,/watch?v=hDfjzq9m5vI,https://i.ytimg.com/vi/hDfjzq9m5vI/hqdefault.jpg
Get Placed and make the Biggest Comeback of your Life | The Ultimate Roadmap,4.2K views,4 months ago,/watch?v=A7_iaBNOxSU,https://i.ytimg.com/vi/A7_iaBNOxSU/hqdefault.jpg
Get a Job as a Data Analyst before 2025 starts | *Free Resources Inside* | Complete Roadmap,3.5K views,4 months ago,/watch?v=FyHidTTNXJ8,https://i.ytimg.com/vi/FyHidTTNXJ8/hqdefault.jpg
How I would learn to code (if i could start over) | 18 LPA+ Package,2K views,4 months ago,/watch?v=Bq4TH-OhqY0,https://i.ytimg.com/vi/Bq4TH-OhqY0/hqdefault.jpg
Go Ad Free with GeeksforGeeks Premium | 0 Ads in all GeeksforGeeks Content | 100% Distraction free,3.8K views,4 months ago,/watch?v=DoXFPztXGyM,https://i.ytimg.com/vi/DoXFPztXGyM/hqdefault.jpg
"35+ Courses only with GeeksforGeeks Premium | DSA, Languages, Front-end, App Development & more!",57K views,4 months ago,/watch?v=UvNQUwuN9Ss,https://i.ytimg.com/vi/UvNQUwuN9Ss/hqdefault.jpg
GeeksforGeeks Premium | Explore All Features | Choose your Plan starting from INR 749,8.7K views,4 months ago,/watch?v=kBN7AZ0MRgI,https://i.ytimg.com/vi/kBN7AZ0MRgI/hqdefault.jpg
From Tier 3 College to working as a Senior SDE with 400% HIKE | Dream Job Diaries Podcast EP-2,1.4K views,4 months ago,/watch?v=lWrzQFqgTcY,https://i.ytimg.com/vi/lWrzQFqgTcY/hqdefault.jpg
Crack any companies Aptitude round with this Strategy | *Free Resources Inside*,7.1K views,4 months ago,/watch?v=loPvFZXUcNw,https://i.ytimg.com/vi/loPvFZXUcNw/hqdefault.jpg
Crack Off-Campus Placement before 2025 with this Strategy,4.5K views,4 months ago,/watch?v=rQs1n2ERSvk,https://i.ytimg.com/vi/rQs1n2ERSvk/hqdefault.jpg
"GeeksforGeeks Premium | 35+ Courses, Ad-Free Learning, A.I. Bot, Text Summarisation & more",57K views,4 months ago,/watch?v=P_ZxK9dTyeA,https://i.ytimg.com/vi/P_ZxK9dTyeA/hqdefault.jpg
Master Competitive Programming with this RoadMap | *Free Resources Inside*,7K views,5 months ago,/watch?v=lozDmn15zcw,https://i.ytimg.com/vi/lozDmn15zcw/hqdefault.jpg
These Projects give you an UNFAIR ADVANTAGE | Get Placed in 2024,6K views,5 months ago,/watch?v=KY73lTNeWzI,https://i.ytimg.com/vi/KY73lTNeWzI/hqdefault.jpg
"I went to the House of a Google Project Manager | Life at Google |Project Management Roadmap, Salary",560K views,5 months ago,/watch?v=cC8MjoYGedk,https://i.ytimg.com/vi/cC8MjoYGedk/hqdefault.jpg
Is the Tech Recession finally over? | Massive Tech Layoffs & Recession | How to get a job in 2024?,5.3K views,5 months ago,/watch?v=wolOoIsBnew,https://i.ytimg.com/vi/wolOoIsBnew/hqdefault.jpg
Master Software Testing & Automation | Career in Testing | GeeksforGeeks,1K views,5 months ago,/watch?v=b3uovZLWkVM,https://i.ytimg.com/vi/b3uovZLWkVM/hqdefault.jpg
üöÄ Please Watch this Video if you are a College Student | Get Placed in 2024,2.5K views,5 months ago,/watch?v=9Fx3wGat0Fg,https://i.ytimg.com/vi/9Fx3wGat0Fg/hqdefault.jpg
Python Fundamentals and its Applications with GeeksforGeeks,4.2K views,5 months ago,/watch?v=qzyTwGpDYog,https://i.ytimg.com/vi/qzyTwGpDYog/hqdefault.jpg
(Not Clickbait) Learn Recursion in just 300 seconds üòÆ | DSA Made Simple,1.5K views,5 months ago,/watch?v=Bi_rfJLf-jA,https://i.ytimg.com/vi/Bi_rfJLf-jA/hqdefault.jpg
From Tier 3 College to 20LPA Package ü§ë at Harman as a Senior Software Engineer | My Journey,5.5K views,5 months ago,/watch?v=cGPpUdaISGE,https://i.ytimg.com/vi/cGPpUdaISGE/hqdefault.jpg
How I Built an AirBnb Clone from Scratch | MERN Stack Project | GeeksforGeeks,8.5K views,6 months ago,/watch?v=koTBLYNq63I,https://i.ytimg.com/vi/koTBLYNq63I/hqdefault.jpg
"Master Web3 in 2024 (The Ultimate Roadmap) | Block Chain, Crypto Currency |",2K views,6 months ago,/watch?v=CKrM5ouILBg,https://i.ytimg.com/vi/CKrM5ouILBg/hqdefault.jpg
üöÄ Do This to Learn DSA and Get a Job | *Free Resources Inside* | The Ultimate DSA Roadmap üìö,4.7K views,6 months ago,/watch?v=VdLUuIeuXqM,https://i.ytimg.com/vi/VdLUuIeuXqM/hqdefault.jpg
"Sorting Algorithms Full Course | Bubble, Selection, Insertion Sort & More | DSA Free Videos Complete",9.9K views,6 months ago,/watch?v=IsBMyMch0gw,https://i.ytimg.com/vi/IsBMyMch0gw/hqdefault.jpg
"IIT Grads reveal TOP PLACEMENT SECRETS ü§Ø | Advice, Get Job in 2024, Salary, Roadmap, Life at IIT",12K views,6 months ago,/watch?v=HqqF_4yORKU,https://i.ytimg.com/vi/HqqF_4yORKU/hqdefault.jpg
I Went to the House of a Recent IIT BOMBAY Grad & AI Researcher at Sprinklr | House Invasion Ep-1üöÄ,17K views,6 months ago,/watch?v=xvBlkjtmvBc,https://i.ytimg.com/vi/xvBlkjtmvBc/hqdefault.jpg
Time and Space Complexity explained in literally 5 minutes | Big O | Concepts made simple ep -1,30K views,6 months ago,/watch?v=jOMxKsUd6e0,https://i.ytimg.com/vi/jOMxKsUd6e0/hqdefault.jpg
"JAVA Backend Live Classes | Master OOPs, Spring Boot & Practice with Projects | GeeksforGeeks",1M views,6 months ago,/watch?v=y5sN2D4Zkmo,https://i.ytimg.com/vi/y5sN2D4Zkmo/hqdefault.jpg
How to participate and win any Hackathon - A Complete Guide | What are Hackathons? | Top 5 Hackathon,4.3K views,6 months ago,/watch?v=_yNtUwnvHio,https://i.ytimg.com/vi/_yNtUwnvHio/hqdefault.jpg
Do this to get a 15+ LPA job right after BCA!! | BCA VS BTECH | Is BCA worth it in 2024?,2.1K views,6 months ago,/watch?v=w95555WsTMI,https://i.ytimg.com/vi/w95555WsTMI/hqdefault.jpg
Happening this Month at GeeksforGeeks Noida Center! | GfG Offline Classes,781 views,6 months ago,/watch?v=ZTvTaINuLGk,https://i.ytimg.com/vi/ZTvTaINuLGk/hqdefault.jpg
GeeksforGeeks Full Stack LIVE Classes | With Projects | Learn Full Stack Development in 14 Weeks,209K views,6 months ago,/watch?v=G5lsLsK9evc,https://i.ytimg.com/vi/G5lsLsK9evc/hqdefault.jpg
Do this to crack Placements in just 30 days | *Free Resources*,24K views,6 months ago,/watch?v=zicelfDj-i8,https://i.ytimg.com/vi/zicelfDj-i8/hqdefault.jpg
üí∏ How to become a Graphic Designer in 2024? | Complete Graphic Designer Roadmap,894 views,6 months ago,/watch?v=GF2CQAP4Va0,https://i.ytimg.com/vi/GF2CQAP4Va0/hqdefault.jpg
DYNAMIC PROGRAMMING PRACTICE PROBLEM | DSA Course | GeeksforGeeks,1.4K views,6 months ago,/watch?v=5Bfjt3oY564,https://i.ytimg.com/vi/5Bfjt3oY564/hqdefault.jpg
Can these College students win 6000rs by answering easy coding questions?| GeeksforGeeks¬†Premium,1.8K views,6 months ago,/watch?v=JtLJyMeHxLk,https://i.ytimg.com/vi/JtLJyMeHxLk/hqdefault.jpg
Create a 3D AI Website using Three.js | Frontend Projects | GeeksforGeeks,4.8K views,7 months ago,/watch?v=rq67tD6OYXc,https://i.ytimg.com/vi/rq67tD6OYXc/hqdefault.jpg
React Native VS Flutter | I analysed the app development market for both,3.2K views,7 months ago,/watch?v=2keMefdv9s4,https://i.ytimg.com/vi/2keMefdv9s4/hqdefault.jpg
Quick Sort: Auxiliary Space Explained in 8 Minutes! | Lecture - 25 | GeeksforGeeks,791 views,7 months ago,/watch?v=47dzZ_58vIw,https://i.ytimg.com/vi/47dzZ_58vIw/hqdefault.jpg
Learn QUICK SORT ANALYSIS in 10 MINUTES | Lecture - 24 | GeeksforGeeks,817 views,7 months ago,/watch?v=8VYD2q8dDFU,https://i.ytimg.com/vi/8VYD2q8dDFU/hqdefault.jpg
Top Interview Tips for Fresh Graduates in 2024 | GeeksforGeeks,3.2K views,7 months ago,/watch?v=aoBD3t-bFLo,https://i.ytimg.com/vi/aoBD3t-bFLo/hqdefault.jpg
GeeksforGeeks Classroom Program | Noida | Pune | Bengaluru,1.3K views,7 months ago,/watch?v=zPHy8Ruso5k,https://i.ytimg.com/vi/zPHy8Ruso5k/hqdefault.jpg
Is Engineering (B.Tech) Worth it in 2024? | Harsh Reality,1.7K views,7 months ago,/watch?v=Qt1xh3R_1_Y,https://i.ytimg.com/vi/Qt1xh3R_1_Y/hqdefault.jpg
Hoare Partition Quick Sort - PART II | Sorting Playlist | Lecture - 23 | GeeksforGeeks,706 views,7 months ago,/watch?v=pNDNomHBDZk,https://i.ytimg.com/vi/pNDNomHBDZk/hqdefault.jpg
Why you will never become a Programmer? | Placements | Honest reality | GfG,5.2K views,7 months ago,/watch?v=pM1sSCio0WE,https://i.ytimg.com/vi/pM1sSCio0WE/hqdefault.jpg
Learn Lomuto Partition in Quick Sort | Lecture - 22 | GeeksforGeeks,1K views,7 months ago,/watch?v=R-LMKBKPTok,https://i.ytimg.com/vi/R-LMKBKPTok/hqdefault.jpg
How I would learn Data Engineering in 2024 (If I could start over) | Complete Roadmap |,1.9K views,7 months ago,/watch?v=XTbyBW8Yh9U,https://i.ytimg.com/vi/XTbyBW8Yh9U/hqdefault.jpg
Introduction to Quick Sort | Sorting Playlist | Lecture - 21 | GeeksforGeeks,2K views,7 months ago,/watch?v=SN8jC7Nb-Os,https://i.ytimg.com/vi/SN8jC7Nb-Os/hqdefault.jpg
Big Companies vs Startups | Which one should you choose in 2024? | Startups | MNC'S,1K views,7 months ago,/watch?v=gkCKp0BgAy4,https://i.ytimg.com/vi/gkCKp0BgAy4/hqdefault.jpg
Hoare Partition Quick Sort | Lecture - 20 | GeeksforGeeks,3.8K views,7 months ago,/watch?v=NsY5UI0RZfE,https://i.ytimg.com/vi/NsY5UI0RZfE/hqdefault.jpg
GATE vs Placementsüßë‚Äçüíª| Which one to choose after¬†graduation? ü§î | GATE | Engineering | GFG,1.5K views,7 months ago,/watch?v=N42PuoXkjgA,https://i.ytimg.com/vi/N42PuoXkjgA/hqdefault.jpg
Futuristic Marvel Technologies that will blow your mind¬†| Marvel | Metaverse | GFG,688 views,7 months ago,/watch?v=1C5qpMkfeNw,https://i.ytimg.com/vi/1C5qpMkfeNw/hqdefault.jpg
Learn Lomuto Partition | Lecture - 19 | GeeksforGeeks,2.5K views,7 months ago,/watch?v=xew1z47P6OM,https://i.ytimg.com/vi/xew1z47P6OM/hqdefault.jpg
What is Dynamic Programming? |  Data Structures & Algorithms | GeeksforGeeks,1.2K views,7 months ago,/watch?v=ad6UqyoZ9Hk,https://i.ytimg.com/vi/ad6UqyoZ9Hk/hqdefault.jpg
Top 7 questions asked in Microsoft interviewsüòé | Microsoft | Interview Questions | Career Tips | GFG,3.4K views,7 months ago,/watch?v=nZwVi7Affvc,https://i.ytimg.com/vi/nZwVi7Affvc/hqdefault.jpg
Learn Quick Sort (Naive Partition) in 5 Minutes | Sorting Playlist | Lecture -18 | GeeksforGeeks,1K views,7 months ago,/watch?v=kq3d0P6WxBo,https://i.ytimg.com/vi/kq3d0P6WxBo/hqdefault.jpg
Python vs Java | Which one you should choose¬†in¬†2024? | Python | Java | Machine Learning | GFG,7.3K views,7 months ago,/watch?v=5IS1qwgUtPQ,https://i.ytimg.com/vi/5IS1qwgUtPQ/hqdefault.jpg
Count Inversion in Array | Lecture 17 | GeeksforGeeks,3.1K views,7 months ago,/watch?v=r0iq9vfZ6bA,https://i.ytimg.com/vi/r0iq9vfZ6bA/hqdefault.jpg
Why so many CEOs are from India? |¬†Decoded | Google | Microsoft | Adobe | GFG,1.2K views,7 months ago,/watch?v=TpeDtIwGJeA,https://i.ytimg.com/vi/TpeDtIwGJeA/hqdefault.jpg
Learn Union Sort in 10 Minutes | Sorting Playlist | GeeksforGeeks,1K views,7 months ago,/watch?v=CfAGM0kQsGU,https://i.ytimg.com/vi/CfAGM0kQsGU/hqdefault.jpg
Intersection of Two Merge Sort Array | Free Tutorial | Lecture - 15 | GeeksforGeeks,757 views,7 months ago,/watch?v=dr5DHXTk7zc,https://i.ytimg.com/vi/dr5DHXTk7zc/hqdefault.jpg
Should you pursue Data Science in 2024? | Complete¬†Roadmap | 50 LPA+ jobs | Data Science | GFG,1.5K views,8 months ago,/watch?v=TY1VeJSRk9I,https://i.ytimg.com/vi/TY1VeJSRk9I/hqdefault.jpg
Learn Merge Sort Analysis with @SandeepJainGfG  | GeeksforGeeks,586 views,8 months ago,/watch?v=Pb0L79nkdK0,https://i.ytimg.com/vi/Pb0L79nkdK0/hqdefault.jpg
Merge Sorting Algorithm with @SandeepJainGfG | Lecture 13 | GeeksforGeeks,1.2K views,8 months ago,/watch?v=ehvHKzU5Pcg,https://i.ytimg.com/vi/ehvHKzU5Pcg/hqdefault.jpg
Upto 50 lpa+ Package ü´® | From Zero to DevOps Engineer - DevOps Roadmap 2024  | What¬†is¬†Devops? ü§î,1K views,8 months ago,/watch?v=S462Dnvlkz4,https://i.ytimg.com/vi/S462Dnvlkz4/hqdefault.jpg
Learn Merge Function of Merge Sort | Lecture 12 | GeeksforGeeks,757 views,8 months ago,/watch?v=uvabUx1T-Lw,https://i.ytimg.com/vi/uvabUx1T-Lw/hqdefault.jpg
How to Merge two SORTED ARRAYS with @SandeepJainGfG  | GeeksforGeeks,1.2K views,8 months ago,/watch?v=pUw1Id6zNTE,https://i.ytimg.com/vi/pUw1Id6zNTE/hqdefault.jpg
Whooping Salaries of CyberHub Gurgaon Employees and their Office Crushes| StreetStyle |CyberHub |GFG,1.8K views,8 months ago,/watch?v=HWnw7VdeVZ4,https://i.ytimg.com/vi/HWnw7VdeVZ4/hqdefault.jpg
Learn Merge Sort in 2 minutes | Episode - 10 | @SandeepJainGfG | Geeksforgeeks,957 views,8 months ago,/watch?v=EN8VDyLzs2s,https://i.ytimg.com/vi/EN8VDyLzs2s/hqdefault.jpg
Learn INSERTION SORT in 10 minutes | @SandeepJainGfG | Episode- 9 | GeeksforGeeks,1K views,8 months ago,/watch?v=bJ_Q23Wlj_Q,https://i.ytimg.com/vi/bJ_Q23Wlj_Q/hqdefault.jpg
Become Zero to Hero in Digital MarketingüòÆ | Learn the Why's and How's of Digital Marketing | GFG,964 views,8 months ago,/watch?v=073j2jj7jbg,https://i.ytimg.com/vi/073j2jj7jbg/hqdefault.jpg
Learn Selection Sort Algorithm | @SandeepJainGfG | Episode - 8 |  GeeksforGeeks,2.1K views,8 months ago,/watch?v=WYVKZ4Mla5c,https://i.ytimg.com/vi/WYVKZ4Mla5c/hqdefault.jpg
Learn Bubble Sort in 12 minutes | @SandeepJainGfG | Lecture 7 | GeeksforGeeks,1.5K views,8 months ago,/watch?v=dMonTS71mEY,https://i.ytimg.com/vi/dMonTS71mEY/hqdefault.jpg
Lecture-6 Learn Stability in SORTING - Beginners to Advance | GeeksforGeeks,1.2K views,8 months ago,/watch?v=voH3da1RvbA,https://i.ytimg.com/vi/voH3da1RvbA/hqdefault.jpg
GeeksforGeeks Classroom Program | Delhi/NCR | Pune | Bengaluru | Offline Coding Classes Near You!,2.6M views,8 months ago,/watch?v=-R64PWJPf2k,https://i.ytimg.com/vi/-R64PWJPf2k/hqdefault.jpg
Lecture-5 Mastering Sorting Algorithms with Java: From Collections.sort to Custom Comparators,1.2K views,8 months ago,/watch?v=VSy4TN2jyzE,https://i.ytimg.com/vi/VSy4TN2jyzE/hqdefault.jpg
Lecture-4  Arrays.sort() in Java Explained |  Primitive vs. Non-Primitive | GeeksforGeeks,1.2K views,8 months ago,/watch?v=6mwz4JQ6Z50,https://i.ytimg.com/vi/6mwz4JQ6Z50/hqdefault.jpg
"Lecture-3 Java Sorting Explained: Arrays vs. Collections, Stability, and Algorithms | GeeksforGeeks",1.6K views,8 months ago,/watch?v=mUX5IfNwhjg,https://i.ytimg.com/vi/mUX5IfNwhjg/hqdefault.jpg
Lecture- 2 Mastering Sorting in C++: STL 'sort' Function Explained | GeeksforGeeks,1.7K views,8 months ago,/watch?v=tmESfVUaTog,https://i.ytimg.com/vi/tmESfVUaTog/hqdefault.jpg
7 Game-Changing Productivity Tools You Need to Try! üöÄ | Maximize Your Efficiency | GFG,1.6K views,8 months ago,/watch?v=gH-7ezHeuEo,https://i.ytimg.com/vi/gH-7ezHeuEo/hqdefault.jpg
Lecture -1 Introduction to Sorting Algorithms - Overview & Special Cases| GeeksforGeeks,8K views,9 months ago,/watch?v=cqBW7BgN7Zs,https://i.ytimg.com/vi/cqBW7BgN7Zs/hqdefault.jpg
Get 40LPA+ Jobs - Top MERN Stack Interview Questions 2024 üßë‚Äçüíª| MongoDB |ReactJS | ExpressJS |NodeJS,2.7K views,9 months ago,/watch?v=EhjCmg7qiTk,https://i.ytimg.com/vi/EhjCmg7qiTk/hqdefault.jpg
All about Product Management Roles üßë‚Äçüíª  | Skills and Resources Explained |#noncodingjobs #prodman,3.5K views,9 months ago,/watch?v=Jk2g9Drr1rI,https://i.ytimg.com/vi/Jk2g9Drr1rI/hqdefault.jpg
How to Create a Job-Winning Resume: A Complete Guide ü´® | Resume Making | Career Tips | GFG,1.6K views,9 months ago,/watch?v=ZEGi4IXY2ho,https://i.ytimg.com/vi/ZEGi4IXY2ho/hqdefault.jpg
"Upto 40 LPA Jobs from Personal Branding üí∏ | Linkedin, Youtube, Twitter, Freelancing üöÄ | GFG",1.7K views,9 months ago,/watch?v=W15T5GRf238,https://i.ytimg.com/vi/W15T5GRf238/hqdefault.jpg
9 High Paying Jobs AI Can't Replace üí∏üí° High Demand Jobs 2024 | Geeks for Geeks,1.9K views,9 months ago,/watch?v=mPNpCXHjdkw,https://i.ytimg.com/vi/mPNpCXHjdkw/hqdefault.jpg
"Upto 20 LPA Jobs For Freshers With These Top 7 Skills | Salary, Scope, Roles & Responsibility etc.",1.6K views,9 months ago,/watch?v=Q6QXk-rrW0M,https://i.ytimg.com/vi/Q6QXk-rrW0M/hqdefault.jpg
10-12 LPA JOBS for Freshers | Applications Closing Soon! Tech + Non Tech Roles | Job Vacancy 2024,3.2K views,9 months ago,/watch?v=G_LoL_bBcQE,https://i.ytimg.com/vi/G_LoL_bBcQE/hqdefault.jpg
BUILD YOUR OWN UI/UX WEBSITE USING React.js | MERN Projects | GeeksforGeeks,6.2K views,9 months ago,/watch?v=uZ9JiGzq3mM,https://i.ytimg.com/vi/uZ9JiGzq3mM/hqdefault.jpg
"Get DREAM JOB with these NETWORKING TIPS! üí∏üí°LinkedIn, Referrals, Cold Messaging, Networking Events",1.4K views,9 months ago,/watch?v=zPqMnLhkfp4,https://i.ytimg.com/vi/zPqMnLhkfp4/hqdefault.jpg
RECURSION PRACTICE PROBLEM | Recursive Algorithm | DSA Course | GeeksforGeeks,1.2K views,9 months ago,/watch?v=Hpf6mr-7_5k,https://i.ytimg.com/vi/Hpf6mr-7_5k/hqdefault.jpg
"Best Startup Ideas in College 2024 üí∏üöÄ| Earn Better than Placement? ü§ë | Guide, Ideas, Funding etc",1.5K views,10 months ago,/watch?v=G_gowXgOFRA,https://i.ytimg.com/vi/G_gowXgOFRA/hqdefault.jpg
Get 20LPA+ Jobs with these 5 Unique Project Ideasüí°| Projects for Internships and Placements,3.6K views,10 months ago,/watch?v=5mw5IzWTFs0,https://i.ytimg.com/vi/5mw5IzWTFs0/hqdefault.jpg
"Hate Coding? Upto 44 LPA Non Tech Jobs in 2024 üí∏ | Skills, Role and Salary Expected.",2.7K views,10 months ago,/watch?v=DMhSsL3-SLk,https://i.ytimg.com/vi/DMhSsL3-SLk/hqdefault.jpg
Asking Coding Questions to Students Worth 20k Prices ü•≥ü§ë| Kaun Banega Codepati ? üí∏,1.3K views,10 months ago,/watch?v=a5C5lCGTIrs,https://i.ytimg.com/vi/a5C5lCGTIrs/hqdefault.jpg
"Data Analyst vs Data Scientist vs Data Engineer | Differences, Skills, Salary & Responsibilities üí∏",7.9K views,10 months ago,/watch?v=EHmXVwjtgPs,https://i.ytimg.com/vi/EHmXVwjtgPs/hqdefault.jpg
Top 8 Remote Jobs Websites For Freshers üöÄ |  Earn in Dollars | How to Get Remote Jobs in 2024?,3.1K views,10 months ago,/watch?v=OIsIZ1w7aTU,https://i.ytimg.com/vi/OIsIZ1w7aTU/hqdefault.jpg
5 GENUINE Ways to EARN 40K+ as Student üí∏üöÄ | Pay Your College Fees | Earn Online ‚úÖ,2.3K views,10 months ago,/watch?v=WEm6-g3dCBc,https://i.ytimg.com/vi/WEm6-g3dCBc/hqdefault.jpg
Image Classification using CNN | Machine Learning Projects | GeeksforGeeks,7.4K views,10 months ago,/watch?v=qm56XcRBXWc,https://i.ytimg.com/vi/qm56XcRBXWc/hqdefault.jpg
Does CGPA Matters in Placement? | Low CGPA? Tier 3? Eligibility? | IT Jobs & Companies for Low CGPA,5.6K views,10 months ago,/watch?v=mrap_vC0ZqU,https://i.ytimg.com/vi/mrap_vC0ZqU/hqdefault.jpg
15 LPA+ Fresher JOBS in Java üöÄ | BEST ROADMAP from Scratch | Geeks For Geeks,5.3K views,10 months ago,/watch?v=BWc2DeBaYuQ,https://i.ytimg.com/vi/BWc2DeBaYuQ/hqdefault.jpg
Top 10 Highest Paying Tech Jobs in India 2024 üí∏üöÄ | Geeks For Geeks,2.1K views,10 months ago,/watch?v=tGSmvrS_TJk,https://i.ytimg.com/vi/tGSmvrS_TJk/hqdefault.jpg
Build an Ecommerce Website Like ZARA using React.js | MERN Projects | GeeksforGeeks,28K views,10 months ago,/watch?v=jk2rhtBJ5S4,https://i.ytimg.com/vi/jk2rhtBJ5S4/hqdefault.jpg
How to Start Coding in 2024? üöÄ | Programming Language for Beginners | Geeks for Geeks,5.4K views,10 months ago,/watch?v=dAzVSu5zavU,https://i.ytimg.com/vi/dAzVSu5zavU/hqdefault.jpg
3 Reasons Students QUIT Coding | How to Code Consistently ? | GeeksforGeeks,1.8K views,10 months ago,/watch?v=oM0HOxae8_A,https://i.ytimg.com/vi/oM0HOxae8_A/hqdefault.jpg
Is coding worth it in 2024? üò• | AI better than coders? | Tech Layoffs & Recession,2.7K views,10 months ago,/watch?v=GD8xHjxnyK8,https://i.ytimg.com/vi/GD8xHjxnyK8/hqdefault.jpg
Build a Food Delivery Website using React.js | MERN Stack Projects | GeeksforGeeks,48K views,10 months ago,/watch?v=bd5DewlahnE,https://i.ytimg.com/vi/bd5DewlahnE/hqdefault.jpg
5 Ways to Prepare for Layoffs in 2024! | AI Tools | Upskilling | Side Hustles,1.6K views,10 months ago,/watch?v=XbG-Z0gxrjs,https://i.ytimg.com/vi/XbG-Z0gxrjs/hqdefault.jpg
"Get Hired From Linkedin in 2024 | Best Linkedin Profile Creation | Skills, Experiences & NetworkingüöÄ",3K views,11 months ago,/watch?v=2QbhA2mthy0,https://i.ytimg.com/vi/2QbhA2mthy0/hqdefault.jpg
High-Paying Tech Jobs Using AI | AI Tools for Coders | Geeks for Geeks,2.1K views,11 months ago,/watch?v=PekLwtZVi3k,https://i.ytimg.com/vi/PekLwtZVi3k/hqdefault.jpg
Web Dev vs App Dev in 2024? Which has more Salary ?ü§î | Career Scope & Skills | Geeks for Geeks,2K views,11 months ago,/watch?v=hRTRjWm-2pQ,https://i.ytimg.com/vi/hRTRjWm-2pQ/hqdefault.jpg
Build a Fitness Tracker Website using React JS |MERN Projects |GeeksforGeeks,62K views,11 months ago,/watch?v=HISjHTE2vnM,https://i.ytimg.com/vi/HISjHTE2vnM/hqdefault.jpg
Top 7 High Paying Tech Jobs in 2024 | Skills and Salary Expected | Geeks for Geeks,59K views,11 months ago,/watch?v=BS-y9ieR-mQ,https://i.ytimg.com/vi/BS-y9ieR-mQ/hqdefault.jpg
GATE AIR 21 Shares her secret to become a GATE Topper | GATE Topper Interview | GeeksforGeeks,5.1K views,11 months ago,/watch?v=M5tEUGFpCg0,https://i.ytimg.com/vi/M5tEUGFpCg0/hqdefault.jpg
5 Ways to Become Top 1% Coders in 2024 | Get Jobs in IT | Geeks for Geeks,1.9K views,11 months ago,/watch?v=OrNjShjUdow,https://i.ytimg.com/vi/OrNjShjUdow/hqdefault.jpg
Tips to ace your tech job search | Resume tips by expert from @indeedindiaofficial   | GeeksforGeeks,1.1K views,11 months ago,/watch?v=mh7En1ir_XM,https://i.ytimg.com/vi/mh7En1ir_XM/hqdefault.jpg
Three 90 Challenge Back with Benefits | GeeksforGeeks,58K views,11 months ago,/watch?v=-d-ZuuF8czQ,https://i.ytimg.com/vi/-d-ZuuF8czQ/hqdefault.jpg
7 JAVASCRIPT Concepts Every DEVELOPER Must Know! | GeeksforGeeks,1.1K views,11 months ago,/watch?v=YxRErpzCa7c,https://i.ytimg.com/vi/YxRErpzCa7c/hqdefault.jpg
MOVIE RECOMMENDATION SYSTEM Using Machine Learning | Machine Leaning Projects | GeeksforGeeks,9.4K views,11 months ago,/watch?v=kxT8AursXXw,https://i.ytimg.com/vi/kxT8AursXXw/hqdefault.jpg
MASTERING RECURSION | Recursive Algorithm | DSA Course | GeeksforGeeks,1.8K views,11 months ago,/watch?v=zwGcJ62lZ5g,https://i.ytimg.com/vi/zwGcJ62lZ5g/hqdefault.jpg
Is Software Engineering Dead ? - Meet Devin by Cognition Labs | GeeksforGeeks,1.6K views,11 months ago,/watch?v=i8w_2n1GH44,https://i.ytimg.com/vi/i8w_2n1GH44/hqdefault.jpg
7 BEST AI Tools for Developers in 2024 | GeeksforGeeks,1.8K views,11 months ago,/watch?v=mpIDwAT7m_0,https://i.ytimg.com/vi/mpIDwAT7m_0/hqdefault.jpg
3D PORTFOLIO WEBSITE using React and Three JS | GeeksforGeeks,71K views,11 months ago,/watch?v=udtb67DKyq0,https://i.ytimg.com/vi/udtb67DKyq0/hqdefault.jpg
FAKE NEWS DETECTION Using MACHINE LEARNING | Machine Learning Projects | GeeksforGeeks,26K views,1 year ago,/watch?v=CkiXRQvz4Z4,https://i.ytimg.com/vi/CkiXRQvz4Z4/hqdefault.jpg
HEART DISEASE DETECTION using MACHINE LEARNING | Machine Learning Projects | GeeksforGeeks,5.9K views,1 year ago,/watch?v=F_9gGyCs3YY,https://i.ytimg.com/vi/F_9gGyCs3YY/hqdefault.jpg
WHY LEARN PYTHON in 2024? | Benefits of Learning Python | GeeksforGeeks,1.9K views,1 year ago,/watch?v=AmU9Zi6TNrs,https://i.ytimg.com/vi/AmU9Zi6TNrs/hqdefault.jpg
Doctor Aaye #successsepareshan Rohan ko Dekhne...,395K views,1 year ago,/watch?v=zbBALFXGy4Y,https://i.ytimg.com/vi/zbBALFXGy4Y/hqdefault.jpg
ATS Friendly Resume for Placement in 2024!!! GeeksforGeeks,1.3K views,1 year ago,/watch?v=GF69ZVc1icg,https://i.ytimg.com/vi/GF69ZVc1icg/hqdefault.jpg
React JS Made Easy with ChatGPT | GeeksforGeeks,2.3K views,1 year ago,/watch?v=MSmDIkWEtoc,https://i.ytimg.com/vi/MSmDIkWEtoc/hqdefault.jpg
TREE PRACTICE PROBLEMS | Tree Traversal Algorithms | DSA Course | GeeksforGeeks,3.2K views,1 year ago,/watch?v=0lLmU-VqXzk,https://i.ytimg.com/vi/0lLmU-VqXzk/hqdefault.jpg
GATE CS 2024 ANSWER KEY OUT!! Detailed Paper Discussion - Shift 1 | GeeksforGeeks,1.8K views,1 year ago,/watch?v=9fTvjjI67Rk,https://i.ytimg.com/vi/9fTvjjI67Rk/hqdefault.jpg
GATE DS & AI 2024 Response Sheet Out | GATE DS & AI | Data Science GATE Response key | GeeksforGeeks,1.3K views,1 year ago,/watch?v=iFGoMXC4Cxo,https://i.ytimg.com/vi/iFGoMXC4Cxo/hqdefault.jpg
Kyun Hai Rohan #successsepareshan? | GeeksforGeeks,275K views,1 year ago,/watch?v=v41P3Y5Xol8,https://i.ytimg.com/vi/v41P3Y5Xol8/hqdefault.jpg
TREE DATA STRUCTURES | What is Tree? | DSA Course | GeeksforGeeks,7.4K views,1 year ago,/watch?v=AylOfzYJ2qE,https://i.ytimg.com/vi/AylOfzYJ2qE/hqdefault.jpg
Three 90 Challenge Extended | 100+ Refunds Processed! | GeeksforGeeks,33K views,1 year ago,/watch?v=FVCERWiQSDY,https://i.ytimg.com/vi/FVCERWiQSDY/hqdefault.jpg
TYPESCRIPT vs JAVASCRIPT | Which one to Choose? | GeeksforGeeks,1.5K views,1 year ago,/watch?v=BFf8n2RrKtM,https://i.ytimg.com/vi/BFf8n2RrKtM/hqdefault.jpg
Python's Map Function Explained with Examples | Python Tutorial |  GeeksforGeeks,1K views,1 year ago,/watch?v=L66_EOxzLKI,https://i.ytimg.com/vi/L66_EOxzLKI/hqdefault.jpg
Build your own AI image Generation App using MERN | MERN Stack Project | GeeksforGeeks,117K views,1 year ago,/watch?v=stcihX2eavw,https://i.ytimg.com/vi/stcihX2eavw/hqdefault.jpg
Strategies To Find A Job FAST! | Job Hunt Tips | How People Get Good Jobs | GeeksforGeeks,911 views,1 year ago,/watch?v=rFXVb2-Rj5k,https://i.ytimg.com/vi/rFXVb2-Rj5k/hqdefault.jpg
Make your Resume Strong with these DSA Projects | Best DSA Projects for your Resume | GeeksforGeeks,33K views,1 year ago,/watch?v=NjUteXHoOXk,https://i.ytimg.com/vi/NjUteXHoOXk/hqdefault.jpg
Top TECH TRENDS & CAREERS in 2024!!! GeeksforGeeks,854 views,1 year ago,/watch?v=FAluaVzy4VM,https://i.ytimg.com/vi/FAluaVzy4VM/hqdefault.jpg
GeeksforGeeks Bloopers!! The Making of Quality Content,938 views,1 year ago,/watch?v=zakV-wfdPYM,https://i.ytimg.com/vi/zakV-wfdPYM/hqdefault.jpg
APTITUDE & REASONING | GATE 2024 Ultimate Revision | PYQ and Sample Questions GATE,1.8K views,1 year ago,/watch?v=CaAjf_RE9ew,https://i.ytimg.com/vi/CaAjf_RE9ew/hqdefault.jpg
Meet The Youngest CTO Of India- Shivansh Saxena | GeeksforGeeks,3.9K views,1 year ago,/watch?v=5YlR3yZV9bE,https://i.ytimg.com/vi/5YlR3yZV9bE/hqdefault.jpg
Top 3 Things College Students FEAR!!,115K views,1 year ago,/watch?v=mOkFtGLA9q8,https://i.ytimg.com/vi/mOkFtGLA9q8/hqdefault.jpg
DATA SCIENCE PROJECTS Made Easy with COLAB AI | Generative AI | GeeksforGeeks,3K views,1 year ago,/watch?v=Gt5ZkoFrgyE,https://i.ytimg.com/vi/Gt5ZkoFrgyE/hqdefault.jpg
Top VS Code Extensions for Web Developer in 2024!! GeeksforGeeks,2.5K views,1 year ago,/watch?v=l-LJucxS8Mc,https://i.ytimg.com/vi/l-LJucxS8Mc/hqdefault.jpg
LINKED LIST PRACTICE QUESTIONS | Operations on Linked List | DSA Problems | GeeksforGeeks,4.7K views,1 year ago,/watch?v=TnV34Lfdk7k,https://i.ytimg.com/vi/TnV34Lfdk7k/hqdefault.jpg
Three 90 Challenge - Q&A with Sandeep Jain Sir | GeeksforGeeks #commitwithgfg,6.7K views,1 year ago,/watch?v=KyUbJ4aoIgQ,https://i.ytimg.com/vi/KyUbJ4aoIgQ/hqdefault.jpg
"Secrets to CONSISTENCY, COMMITMENT, and CAREER SUCCESS! #commitwithgfg",2.8K views,1 year ago,/watch?v=6jhkJoOnMCc,https://i.ytimg.com/vi/6jhkJoOnMCc/hqdefault.jpg
2024 Will be the YEAR for CODERS!! #commitwithgfg,1.4K views,1 year ago,/watch?v=Nozck3wIMCo,https://i.ytimg.com/vi/Nozck3wIMCo/hqdefault.jpg
WHAT IS LINKED LIST? | Linked List Data Structures | DSA Course | GeeksforGeeks,13K views,1 year ago,/watch?v=MCG7S2fGUeU,https://i.ytimg.com/vi/MCG7S2fGUeU/hqdefault.jpg
10 Best PROGRAMMING LANGUAGES to Learn in 2024 | GeeksforGeeks,3.6K views,1 year ago,/watch?v=ehXa1Hxxu3Y,https://i.ytimg.com/vi/ehXa1Hxxu3Y/hqdefault.jpg
5 BEST GITHUB REPOSITORIES Every DEVELOPER Must Know! | GeeksforGeeks,3.2K views,1 year ago,/watch?v=xvUopUeVS0U,https://i.ytimg.com/vi/xvUopUeVS0U/hqdefault.jpg
Ready to #commitwithgfg ?,27K views,1 year ago,/watch?v=lbveOrbHgto,https://i.ytimg.com/vi/lbveOrbHgto/hqdefault.jpg
How to Use GOOGLE COLAB | Google Colab Tutorials for Beginners | GeeksforGeeks,6.1K views,1 year ago,/watch?v=TqqkZLHoY0o,https://i.ytimg.com/vi/TqqkZLHoY0o/hqdefault.jpg
Journey from an SDE at PAYTM to MICROSOFT | Software Developer Experience | GeeksforGeeks,2K views,1 year ago,/watch?v=0mRyTDhxe_s,https://i.ytimg.com/vi/0mRyTDhxe_s/hqdefault.jpg
What is DEVOPS and DEPLOYMENT? | Importance and Role of DevOps in Web Development | GeeksforGeeks,1K views,1 year ago,/watch?v=NoxexEfck3g,https://i.ytimg.com/vi/NoxexEfck3g/hqdefault.jpg
GeeksforGeeks In a Review 2023 | GfG Rewind 2023,2.3K views,1 year ago,/watch?v=q_kEa8oBo2A,https://i.ytimg.com/vi/q_kEa8oBo2A/hqdefault.jpg
How to Implement PICTURE IN PICTURE (PIP) MODE in Flutter Apps | Flutter Projects | GeeksforGeeks,2.8K views,1 year ago,/watch?v=eBEdJCsqusI,https://i.ytimg.com/vi/eBEdJCsqusI/hqdefault.jpg
How to Integrate RAZORPAY PAYMENT GATEWAY in your Flutter App | Flutter Projects | GeeksforGeeks,17K views,1 year ago,/watch?v=1XFGgHunNrk,https://i.ytimg.com/vi/1XFGgHunNrk/hqdefault.jpg
Career in DATA ANALYTICS | Insights from a DATA ANALYST at AMERICAN EXPRESS | GeeksforGeeks,6.1K views,1 year ago,/watch?v=1zHWzyI7TC0,https://i.ytimg.com/vi/1zHWzyI7TC0/hqdefault.jpg
All About WEB SECURITY | Web Security for Full Stack Developers | GeeksforGeeks,1.2K views,1 year ago,/watch?v=578Pzg7tVF4,https://i.ytimg.com/vi/578Pzg7tVF4/hqdefault.jpg
What is VERSION CONTROL and GIT? Web Development Explained | GeeksforGeeks,9.2K views,1 year ago,/watch?v=jxbGBOo4GDs,https://i.ytimg.com/vi/jxbGBOo4GDs/hqdefault.jpg
Build Your Own GUI CALENDAR with Tkinter in Python | Python Projects | GeeksforGeeks,3.7K views,1 year ago,/watch?v=W2S8NnlJtgk,https://i.ytimg.com/vi/W2S8NnlJtgk/hqdefault.jpg
Implementing Simple and Custom ALERT DIALOG BOX in Flutter Apps | Flutter Projects | GeeksforGeeks,2.4K views,1 year ago,/watch?v=b6iw6dLQ7AU,https://i.ytimg.com/vi/b6iw6dLQ7AU/hqdefault.jpg
How to EXTRACT AUDIO from VIDEO using Python | Python Projects | GeeksforGeeks,5.8K views,1 year ago,/watch?v=SrPi0FrmGiE,https://i.ytimg.com/vi/SrPi0FrmGiE/hqdefault.jpg
How to Create LANGUAGE TRANSLATOR Application in Flutter | Flutter Projects | GeeksforGeeks,12K views,1 year ago,/watch?v=CeupjFXlFiQ,https://i.ytimg.com/vi/CeupjFXlFiQ/hqdefault.jpg
üç∑ WINE QUALITY PREDICTION using RANDOM FOREST Algorithm | Machine Learning Projects | GeeksforGeeks,3.6K views,1 year ago,/watch?v=MyllYgc-kh8,https://i.ytimg.com/vi/MyllYgc-kh8/hqdefault.jpg
Create a QR CODE SCANNER and GENERATOR Application using Flutter | Flutter Projects | GeeksforGeeks,49K views,1 year ago,/watch?v=hm5JfFhiXL8,https://i.ytimg.com/vi/hm5JfFhiXL8/hqdefault.jpg
Create AI DESKTOP VIRTUAL ASSISTANT using Python and Tkinter | Python Projects | GeeksforGeeks,25K views,1 year ago,/watch?v=tZl1_AcC7Dw,https://i.ytimg.com/vi/tZl1_AcC7Dw/hqdefault.jpg
Graph Practice Problems | Graph Data Structure | DSA Course | GeeksforGeeks,10K views,1 year ago,/watch?v=pCmsQVHYXK0,https://i.ytimg.com/vi/pCmsQVHYXK0/hqdefault.jpg
Face Detection using Python and OpenCV with webcam | Python Projects | GeeksforGeeks,16K views,1 year ago,/watch?v=129exLkKeks,https://i.ytimg.com/vi/129exLkKeks/hqdefault.jpg
Plagiarism Detection using Python | Python Projects | GeeksforGeeks,10K views,1 year ago,/watch?v=QFQItyHsxZY,https://i.ytimg.com/vi/QFQItyHsxZY/hqdefault.jpg
Weapon Detection Using Python-OpenCV | Python Projects | GeeksforGeeks,38K views,1 year ago,/watch?v=xlcNMlyN34g,https://i.ytimg.com/vi/xlcNMlyN34g/hqdefault.jpg
TITANIC SURVIVAL PREDICTION using TensorFlow | Machine Learning Projects | GeeksforGeeks,3.5K views,1 year ago,/watch?v=cRYSIR6LaNQ,https://i.ytimg.com/vi/cRYSIR6LaNQ/hqdefault.jpg
What is BACKEND DEVELOPMENT? | Explained in 60 seconds | Full Stack Concepts | GeeksforGeeks,2.3K views,1 year ago,/watch?v=C2u6_wOYlPc,https://i.ytimg.com/vi/C2u6_wOYlPc/hqdefault.jpg
STOCK PRICE PREDICTION using Machine Learningüìà | Machine Learning Projects | GeeksforGeeks,49K views,1 year ago,/watch?v=tn07dCSFOfQ,https://i.ytimg.com/vi/tn07dCSFOfQ/hqdefault.jpg
What is FRONTEND DEVELOPMENT? | Explained in 60 seconds | Full Stack Concepts | GeeksforGeeks,2.1K views,1 year ago,/watch?v=IiM10iV_Zug,https://i.ytimg.com/vi/IiM10iV_Zug/hqdefault.jpg
Air Quality Index Prediction in Python | Machine Learning Projects | GeeksforGeeks,25K views,1 year ago,/watch?v=0myaZxl4XWw,https://i.ytimg.com/vi/0myaZxl4XWw/hqdefault.jpg
TWITTER SENTIMENT ANALYSIS (NLP) | Machine Learning Projects | GeeksforGeeks,142K views,1 year ago,/watch?v=4YGkfAd2iXM,https://i.ytimg.com/vi/4YGkfAd2iXM/hqdefault.jpg
Diabetes Prediction in Machine Learning using Python | Machine Learning Projects | GeeksforGeeks,22K views,1 year ago,/watch?v=AxYgzie4x2E,https://i.ytimg.com/vi/AxYgzie4x2E/hqdefault.jpg
Stack Practice Question | Parenthesis Checker | Learn DSA Concepts | GeeksforGeeks,5.3K views,1 year ago,/watch?v=2ay2GCrmf9E,https://i.ytimg.com/vi/2ay2GCrmf9E/hqdefault.jpg
"Build a Stopwatch using HTML, CSS, and JS | GeeksforGeeks",1.5K views,1 year ago,/watch?v=DR5tJWig0AQ,https://i.ytimg.com/vi/DR5tJWig0AQ/hqdefault.jpg
WHAT IS STACK? | Stack Data Structures | DSA Course | GeeksforGeeks,10K views,1 year ago,/watch?v=lhhyE7NVcbg,https://i.ytimg.com/vi/lhhyE7NVcbg/hqdefault.jpg
Meet A Data Scientist with 5 Years+ Experience | Ft.Tavishi Jaglan | GeeksforGeeks,2.5K views,1 year ago,/watch?v=4_u-xcfqpcA,https://i.ytimg.com/vi/4_u-xcfqpcA/hqdefault.jpg
Master Data Science Concepts: Apache Kafka in 60 Seconds | Data Science Crash Course | GeeksforGeeks,1.1K views,1 year ago,/watch?v=Li0wAG3hORQ,https://i.ytimg.com/vi/Li0wAG3hORQ/hqdefault.jpg
Master Data Science Concepts: Apache Flume in 60 Seconds | Data Science Crash Course | GeeksforGeeks,830 views,1 year ago,/watch?v=bdjQI-OBGk8,https://i.ytimg.com/vi/bdjQI-OBGk8/hqdefault.jpg
Master Data Science Concepts: Data Bricks in 60 Seconds | Data Science Crash Course | GeeksforGeeks,1K views,1 year ago,/watch?v=d1Pn06Rc9QE,https://i.ytimg.com/vi/d1Pn06Rc9QE/hqdefault.jpg
Master Data Science Concepts: Apache Beam in 60 Seconds | Data Science Crash Course | GeeksforGeeks,1.1K views,1 year ago,/watch?v=PjSA0Ru7_rI,https://i.ytimg.com/vi/PjSA0Ru7_rI/hqdefault.jpg
Master Data Science Concepts: Data Lake in 60 Seconds | Data Science Crash Course | GeeksforGeeks,2.6K views,1 year ago,/watch?v=KGD-T3bhFEA,https://i.ytimg.com/vi/KGD-T3bhFEA/hqdefault.jpg
Choosing the Right Cloud Provider | AWS vs Azure vs GCP | GeeksforGeeks,8.7K views,1 year ago,/watch?v=YbPnhezNaUE,https://i.ytimg.com/vi/YbPnhezNaUE/hqdefault.jpg
A Journey from NOKIA to PAYPAL | Ft. Palak Awasthi | GeeksforGeeks,3.3K views,1 year ago,/watch?v=6UUTPA0l748,https://i.ytimg.com/vi/6UUTPA0l748/hqdefault.jpg
Make Best Team For ICC Cricket World 2023 | Practice Problem | GeeksforGeeks,484 views,1 year ago,/watch?v=ItY3minkI3o,https://i.ytimg.com/vi/ItY3minkI3o/hqdefault.jpg
Interview Strategies for Freshers | GeeksforGeeks,5.9K views,1 year ago,/watch?v=tmg6d3T_T6Q,https://i.ytimg.com/vi/tmg6d3T_T6Q/hqdefault.jpg
üèÜ GeeksforGeeks Hack-A-Thon: World-cup-Wizard Edition üåü,380 views,1 year ago,/watch?v=2mW7tclj6mc,https://i.ytimg.com/vi/2mW7tclj6mc/hqdefault.jpg
Ace your DevOps interview | GeeksforGeeks,109K views,1 year ago,/watch?v=I-J28pjrTc8,https://i.ytimg.com/vi/I-J28pjrTc8/hqdefault.jpg
How to Get Free Google Cloud Qwiklabs Credits | Google Cloud Bootcamp | GeeksforGeeks,12K views,1 year ago,/watch?v=lf-eQH28eAw,https://i.ytimg.com/vi/lf-eQH28eAw/hqdefault.jpg
"GeeksforGeeks Community ‚Äì Connect, Ask, Learn & Grow with Tech Geeks",912 views,1 year ago,/watch?v=dMX0Bel8V94,https://i.ytimg.com/vi/dMX0Bel8V94/hqdefault.jpg
Become a SDET Expert with GeeksforGeeks,54K views,1 year ago,/watch?v=PLxzWN08w54,https://i.ytimg.com/vi/PLxzWN08w54/hqdefault.jpg
Geeks Premier League 2023 | India's Biggest Content Writing Event | GeeksforGeeks,1.8K views,1 year ago,/watch?v=e0DLnBRZRj0,https://i.ytimg.com/vi/e0DLnBRZRj0/hqdefault.jpg
Happy Engineer's Day To You All!,2.1K views,1 year ago,/watch?v=g4M-zfzsqBg,https://i.ytimg.com/vi/g4M-zfzsqBg/hqdefault.jpg
Decoding the Modern Job Landscape | An HR Perspective | GeeksforGeeks,902 views,1 year ago,/watch?v=w3ucO_5NHCU,https://i.ytimg.com/vi/w3ucO_5NHCU/hqdefault.jpg
Unlock GATE 2024 | GeeksforGeeks,22K views,1 year ago,/watch?v=4TVPoMDU0Ts,https://i.ytimg.com/vi/4TVPoMDU0Ts/hqdefault.jpg
We Stole This For You,7.3K views,1 year ago,/watch?v=eVV0MO_IBnw,https://i.ytimg.com/vi/eVV0MO_IBnw/hqdefault.jpg
Career Advancement Test For EWS & PWD Candidates | Student Grant of INR 10 Lakh | GeeksforGeeks,6.1K views,1 year ago,/watch?v=DpCJ74xg93E,https://i.ytimg.com/vi/DpCJ74xg93E/hqdefault.jpg
GfG Mobile App | Android & iOS | Download for Free,11K views,1 year ago,/watch?v=Rsh8xd3aIqw,https://i.ytimg.com/vi/Rsh8xd3aIqw/hqdefault.jpg
üîí Securing Your Data in the Cloud: GCP's Top SECURITY Features | GeesforGeeks,494 views,1 year ago,/watch?v=rwLBsyQ4rO8,https://i.ytimg.com/vi/rwLBsyQ4rO8/hqdefault.jpg
GATE CSE Offline Classes | GATE 2024 Crash Course | Delhi NCR | GeeksforGeeks,18K views,1 year ago,/watch?v=a9xiYYqbaHg,https://i.ytimg.com/vi/a9xiYYqbaHg/hqdefault.jpg
How to Build a To-Do Application in Flutter | GeeksforGeeks,1.2K views,1 year ago,/watch?v=fNuURHd7POk,https://i.ytimg.com/vi/fNuURHd7POk/hqdefault.jpg
How to Use Google Sign-in With Firebase in Flutter | GeeksforGeeks,9.7K views,1 year ago,/watch?v=MRb_2Kg0nRI,https://i.ytimg.com/vi/MRb_2Kg0nRI/hqdefault.jpg
Machine Learning on GCP | Harnessing the Power of AI | GeeksforGeeks,556 views,1 year ago,/watch?v=KSTX28pUSeI,
GRAPH Data Structure | What is Graph? | DSA Course | GeeksforGeeks,35K views,1 year ago,/watch?v=gTsoyORhqkg,
Handling Missing Values | Machine Learning | GeeksforGeeks,1.4K views,1 year ago,/watch?v=yFJ2_phRslY,
Security Risks of Cloud Computing | GeeksforGeeks,5.2K views,1 year ago,/watch?v=6lxKkdyvS6M,
DSA Classroom Program with Placement Assistance | Now in Noida & Gurugram | GeeksforGeeks,149K views,1 year ago,/watch?v=ACZoeLwm_fE,
Free Cloud Bootcamp Sponsored by Google for Developers | GeeksforGeeks,2.3K views,1 year ago,/watch?v=uXpOqQEw7Pc,
All Your Queries Answered | DSA to Development Program | GeeksforGeeks,3.7K views,1 year ago,/watch?v=kHBzDvj3D2U,
10 TIPS and TRICKS to Crack Internships and Placements | GeeksforGeeks,898 views,1 year ago,/watch?v=2QDMIZGeIC4,
Complete School Guide for CBSE | Free Resources For School Students | GeeksforGeeks,678 views,1 year ago,/watch?v=1ECMlxC6jbs,https://i.ytimg.com/vi/1ECMlxC6jbs/hqdefault.jpg
Master System Design | GeeksforGeeks,87K views,1 year ago,/watch?v=vjWLZYeqiN8,https://i.ytimg.com/vi/vjWLZYeqiN8/hqdefault.jpg
"Unraveling the Geek-a-thon: The What, How, and Why | Geek-A-Thon | GeeksforGeeks",569 views,1 year ago,/watch?v=6e0v_NhsFMQ,https://i.ytimg.com/vi/6e0v_NhsFMQ/hqdefault.jpg
Data Analysis Masterclass | Geek-A-Thon | GeeksforGeeks,1.1K views,1 year ago,/watch?v=-7Emxpn8DXc,https://i.ytimg.com/vi/-7Emxpn8DXc/hqdefault.jpg
GeeksforGeeks Offline Classroom Program | Now Open In Noida & Gurgaon,43K views,1 year ago,/watch?v=2bPiFkt3Nmg,https://i.ytimg.com/vi/2bPiFkt3Nmg/hqdefault.jpg
Kickstart your DevOps Career | GeeksforGeeks,137K views,1 year ago,/watch?v=8gwwlpBwr_s,https://i.ytimg.com/vi/8gwwlpBwr_s/hqdefault.jpg
First Ever KBC at our Offline Classes | GeeksforGeeks,783 views,1 year ago,/watch?v=chYg2EAKW2A,https://i.ytimg.com/vi/chYg2EAKW2A/hqdefault.jpg
Mega Job-a-thon for Working Professionals | 21st July | GeeksforGeeks,1.3K views,1 year ago,/watch?v=CyOh-WDfUvs,https://i.ytimg.com/vi/CyOh-WDfUvs/hqdefault.jpg
Explore GeeksforGeeks Hiring Solutions | For Top Tech Companies | Innovative Hiring Solutions,648 views,1 year ago,/watch?v=GDeoPHRqb5w,https://i.ytimg.com/vi/GDeoPHRqb5w/hqdefault.jpg
Geek-O-Lympics 2023 | GeeksforGeeks,3.5K views,1 year ago,/watch?v=hLqJiIu6LzY,https://i.ytimg.com/vi/hLqJiIu6LzY/hqdefault.jpg
Web 3.0 Explained | GeeksforGeeks,2.1K views,1 year ago,/watch?v=zEPRJMk3p90,https://i.ytimg.com/vi/zEPRJMk3p90/hqdefault.jpg
Geek-O-Lympics 2023 | 1st - 31st July | GeeksforGeeks,1.2K views,1 year ago,/watch?v=GSqepfZLKU0,https://i.ytimg.com/vi/GSqepfZLKU0/hqdefault.jpg
What Is Web Scraping & What It Is Used For | How To Use Web Scraping | GeeksforGeeks,1.4K views,1 year ago,/watch?v=MK15a0ipg-E,https://i.ytimg.com/vi/MK15a0ipg-E/hqdefault.jpg
Mega Job-A-Thon | Hire Top Talent for Your Company | GeeksforGeeks,1.5K views,1 year ago,/watch?v=cWPqVVobUuA,https://i.ytimg.com/vi/cWPqVVobUuA/hqdefault.jpg
DSA To Development: A Complete Coding Guide | Complete Coding Program By GeeksforGeeks,176K views,1 year ago,/watch?v=phr8lXH2Ee0,https://i.ytimg.com/vi/phr8lXH2Ee0/hqdefault.jpg
WHAT IS QUEUE? | Queue Data Structures | DSA Course | GeeksforGeeks,18K views,1 year ago,/watch?v=ypJwoz_SXTo,https://i.ytimg.com/vi/ypJwoz_SXTo/hqdefault.jpg
QUEUE PRACTICE PROBLEMS | Queue Interview Questions | DSA Problems | GeeksforGeeks,8K views,1 year ago,/watch?v=KG4dbF5xRig,https://i.ytimg.com/vi/KG4dbF5xRig/hqdefault.jpg
Free Summer Offline Classes on Python Programing | For Students Aged 14-21 | GeeksforGeeks,107K views,1 year ago,/watch?v=OOLXHwZzHfM,https://i.ytimg.com/vi/OOLXHwZzHfM/hqdefault.jpg
Python Libraries | Data Science | GeeksforGeeks,3.4K views,1 year ago,/watch?v=nDa75spDmeE,https://i.ytimg.com/vi/nDa75spDmeE/hqdefault.jpg
ITR Filing Made Simple | Documents require to file ITR | GeeksforGeeks,1K views,1 year ago,/watch?v=SWa-tsbaIpg,https://i.ytimg.com/vi/SWa-tsbaIpg/hqdefault.jpg
Full Stack Development | LIVE Classes | GeeksforGeeks,215K views,1 year ago,/watch?v=cBfC9HLR9Qk,https://i.ytimg.com/vi/cBfC9HLR9Qk/hqdefault.jpg
GeeksforGeeks Classroom Program in NCR,2.7K views,1 year ago,/watch?v=uEhnTpHY26o,https://i.ytimg.com/vi/uEhnTpHY26o/hqdefault.jpg
WHAT IS ARRAY? | Array Data Structures | DSA Course | GeeksforGeeks,76K views,1 year ago,/watch?v=3_x_Fb31NLE,https://i.ytimg.com/vi/3_x_Fb31NLE/hqdefault.jpg
ARRAY PRACTICE PROBLEMS | Must do Array Questions | DSA Problems | GeeksforGeeks,45K views,1 year ago,/watch?v=J7EhXvnixRM,https://i.ytimg.com/vi/J7EhXvnixRM/hqdefault.jpg
Gate 2024: Prepare for Success! | GATE CSE 2024 | GeeksforGeeks,64K views,1 year ago,/watch?v=G-3vZKPEtKw,
Get Started with CP | Competitive Programming Tips | GeeksforGeeks,3.3K views,1 year ago,/watch?v=FCEj-mreXvI,
React VS Angular VS Vue | GeeksforGeeks,27K views,1 year ago,/watch?v=sA2vgFR-fZc,
GeeksforGeeks Classroom Program | Now in Noida and Gurugram!,269K views,1 year ago,/watch?v=16D2cuRy5JY,
Transformers in NLP | GeeksforGeeks,23K views,1 year ago,/watch?v=-eqjV5dwb9Q,https://i.ytimg.com/vi/-eqjV5dwb9Q/hqdefault.jpg
Jobs that AI can't replace | GeeksforGeeks,4.5K views,1 year ago,/watch?v=uY05MFnSMwU,https://i.ytimg.com/vi/uY05MFnSMwU/hqdefault.jpg
Job Fair for Students | Till 25th May Only | GeeksforGeeks,83K views,1 year ago,/watch?v=1GEegOb3fHE,https://i.ytimg.com/vi/1GEegOb3fHE/hqdefault.jpg
"Flutter: ""Pros and Cons"" | GeeksforGeeks",9K views,1 year ago,/watch?v=0gnaXUiSELY,https://i.ytimg.com/vi/0gnaXUiSELY/hqdefault.jpg
Hire Best Talent with GeeksforGeeks,14K views,1 year ago,/watch?v=xifGlf39ahQ,https://i.ytimg.com/vi/xifGlf39ahQ/hqdefault.jpg
Tech Jobs without Degree | GeeksforGeeks,2.1K views,1 year ago,/watch?v=5jHvfzt8Ors,https://i.ytimg.com/vi/5jHvfzt8Ors/hqdefault.jpg
Start your writing Journey | Geek Author Badges | GeeksforGeeks,1.7K views,1 year ago,/watch?v=ISPOKldx90E,https://i.ytimg.com/vi/ISPOKldx90E/hqdefault.jpg
Presenting: GeeksforGeeks Author Badges | Honoring the Writer in You!,1.3K views,1 year ago,/watch?v=kW9BohViP04,https://i.ytimg.com/vi/kW9BohViP04/hqdefault.jpg
Create Your Own Apps Today | GeeksforGeeks,35K views,1 year ago,/watch?v=LycNCWC3g18,https://i.ytimg.com/vi/LycNCWC3g18/hqdefault.jpg
Top 10 DSA Topics | Master these To Ace In Your Career | GeeksforGeeks,2.9K views,1 year ago,/watch?v=t8aN8nczZlA,https://i.ytimg.com/vi/t8aN8nczZlA/hqdefault.jpg
Ernie vs ChatGPT | GeeksforGeeks,1.8K views,1 year ago,/watch?v=iM-EpJHn59Q,https://i.ytimg.com/vi/iM-EpJHn59Q/hqdefault.jpg
Rule the Coding World with Geek Summer Carnival | GeeksforGeeks,25K views,1 year ago,/watch?v=zLj3Qb9T2Q4,https://i.ytimg.com/vi/zLj3Qb9T2Q4/hqdefault.jpg
How to become a Full Stack Developer | GeeksforGeeks,5.7K views,1 year ago,/watch?v=uSx5XsCkX3c,https://i.ytimg.com/vi/uSx5XsCkX3c/hqdefault.jpg
Office Video Leaked üò∞ü§Ø,6.1K views,1 year ago,/watch?v=i_HlQl7Tg9Q,https://i.ytimg.com/vi/i_HlQl7Tg9Q/hqdefault.jpg
UI/UX Trends every Startup must know! | @thegeekmonk1707 |GeeksforGeeks,1.1K views,1 year ago,/watch?v=_E6_jZJAT3k,https://i.ytimg.com/vi/_E6_jZJAT3k/hqdefault.jpg
Age is Just a Number: The Story of a 14-Year-Old CEO | CodeCast | GeeksforGeeks,17K views,1 year ago,/watch?v=TASew4CmC9w,https://i.ytimg.com/vi/TASew4CmC9w/hqdefault.jpg
How to Use GPT 4 | How it's better from GPT 3 | GeeksforGeeks,4K views,1 year ago,/watch?v=Mnx3TAgbX7o,https://i.ytimg.com/vi/Mnx3TAgbX7o/hqdefault.jpg
Master DSA Today and be the Masters of Tomorrow,160K views,1 year ago,/watch?v=PsOXP5hg52w,https://i.ytimg.com/vi/PsOXP5hg52w/hqdefault.jpg
How to avoid getting Laid Off | ft. Dr. Sneha Sharma,1.2K views,1 year ago,/watch?v=s4frRcj17AM,https://i.ytimg.com/vi/s4frRcj17AM/hqdefault.jpg
Psychology of Deciding Your Career ft. Dhairya Gangwani | GeeksforGeeks,907 views,1 year ago,/watch?v=0oPyv39ynTo,https://i.ytimg.com/vi/0oPyv39ynTo/hqdefault.jpg
CodeCast Ep. 3 | Learn all About Competitive Programming | @PriyanshAgarwal  with Mr. Sandeep Jain,9.9K views,2 years ago,/watch?v=5uAFQqdS9oA,https://i.ytimg.com/vi/5uAFQqdS9oA/hqdefault.jpg
Advice for Women in Tech | ft. @PriyaVajpeyi,1.5K views,2 years ago,/watch?v=tn5BHjwAvTc,https://i.ytimg.com/vi/tn5BHjwAvTc/hqdefault.jpg
Roadmap to Amazon | Twinkle Bajaj - SDE at Amazon,1.8K views,2 years ago,/watch?v=nRbR9A_8nMQ,https://i.ytimg.com/vi/nRbR9A_8nMQ/hqdefault.jpg
Google Cloud X AMD and GeeksforGeeks Goes to Colleges With Some Fun Twist!,1.5K views,2 years ago,/watch?v=RQuaGniMRUU,https://i.ytimg.com/vi/RQuaGniMRUU/hqdefault.jpg
Solving For India Hackathon | @googlecloud X AMD | GeeksforGeeks,2.7K views,2 years ago,/watch?v=p0FQuaFLh0A,https://i.ytimg.com/vi/p0FQuaFLh0A/hqdefault.jpg
GeeksforGeeks Job Fair 2023,25K views,2 years ago,/watch?v=xIC1IFPod9Y,https://i.ytimg.com/vi/xIC1IFPod9Y/hqdefault.jpg
OpenAI's ChatGPT & GPT 4 | Google's BARD AI | Will AI Replace You?,1.9K views,2 years ago,/watch?v=2RcaFQzCgys,https://i.ytimg.com/vi/2RcaFQzCgys/hqdefault.jpg
Get Started With Machine Learning | GeeksforGeeks,1.8K views,2 years ago,/watch?v=RSVndjS2gMM,https://i.ytimg.com/vi/RSVndjS2gMM/hqdefault.jpg
üéäCelebrating Bi-Wizard's First Anniversaryüéä | Join the Best Young Coders in the World,637 views,2 years ago,/watch?v=D8aEoRbwC64,https://i.ytimg.com/vi/D8aEoRbwC64/hqdefault.jpg
"Meet Shikar Goel, CTO of GeeksforGeeks | Know His Journey",1.9K views,2 years ago,/watch?v=d2zk6YEqGsM,https://i.ytimg.com/vi/d2zk6YEqGsM/hqdefault.jpg
An Opportunity for Recruiters to Hire Top Tech Talent | Jobs Fair 2023 | GeeksforGeeks,1.8K views,2 years ago,/watch?v=RbQt5dz8Dws,https://i.ytimg.com/vi/RbQt5dz8Dws/hqdefault.jpg
A.I. Apps That Can Change Your Lives | GeeksforGeeks,2.9K views,2 years ago,/watch?v=kApRNheEJ8Q,https://i.ytimg.com/vi/kApRNheEJ8Q/hqdefault.jpg
Roadmap To Master Recursion? Roadmap To Master Recursion! | GeeksforGeeks,4.8K views,2 years ago,/watch?v=51JvvwqQmlQ,https://i.ytimg.com/vi/51JvvwqQmlQ/hqdefault.jpg
CodeCast Ep. 2 | SDE Without A Technical Degree? | GeeksforGeeks,1.9K views,2 years ago,/watch?v=XlcpYRp0ouc,https://i.ytimg.com/vi/XlcpYRp0ouc/hqdefault.jpg
The Art of Becoming a Successful Coder | GeeksforGeeks,6.9K views,2 years ago,/watch?v=jO2SyGwS4bA,https://i.ytimg.com/vi/jO2SyGwS4bA/hqdefault.jpg
Optimal Way to Get Started with DSA | GeeksforGeeks,12K views,2 years ago,/watch?v=-WLD1oY2dB4,https://i.ytimg.com/vi/-WLD1oY2dB4/hqdefault.jpg
Mistakes to Avoid in Your Next Job Interview | GeeksforGeeks,1.5K views,2 years ago,/watch?v=1uO3E57gPpE,https://i.ytimg.com/vi/1uO3E57gPpE/hqdefault.jpg
Master These Coding Practices For Your Placement Preparation | GeeksforGeeks,5.6K views,2 years ago,/watch?v=v_mlqwjlv00,https://i.ytimg.com/vi/v_mlqwjlv00/hqdefault.jpg
Correct Your Mistakes in 1 minute | Data Science | GeeksforGeeks,1.4K views,2 years ago,/watch?v=vNiiuh__7u0,https://i.ytimg.com/vi/vNiiuh__7u0/hqdefault.jpg
CodeCast Ep. 1 | Journey From A Vegetable Seller To A 10LPA+ Job | GeeksforGeeks,2.7K views,2 years ago,/watch?v=ksRDXChKN70,https://i.ytimg.com/vi/ksRDXChKN70/hqdefault.jpg
LIVE DSA Sessions By Everyone's Favorite Teacher!,4.8K views,2 years ago,/watch?v=qCioG1rwM6I,https://i.ytimg.com/vi/qCioG1rwM6I/hqdefault.jpg
GeeksforGeeks Resolution Days 2023 | Never Before Seen Offers!,7.1K views,2 years ago,/watch?v=mckeyuVM07g,https://i.ytimg.com/vi/mckeyuVM07g/hqdefault.jpg
The Top 5 DSA Fails (and How to Avoid Them!),3.5K views,2 years ago,/watch?v=jMjSpFObSKM,https://i.ytimg.com/vi/jMjSpFObSKM/hqdefault.jpg
GeeksforGeeks Now On iOS,1.5K views,2 years ago,/watch?v=bMDud1_-x1U,https://i.ytimg.com/vi/bMDud1_-x1U/hqdefault.jpg
"‚õÑ Merry Christmas, Geeks! ‚õÑ | Keep Coding Keep Learning | GeeksforGeeks",1.4K views,2 years ago,/watch?v=AESq1z0Okb0,https://i.ytimg.com/vi/AESq1z0Okb0/hqdefault.jpg
Student Success Story: Placed as an SDE at Byju's with Help from GeeksforGeeks,1.6K views,2 years ago,/watch?v=yvkQMMU076M,https://i.ytimg.com/vi/yvkQMMU076M/hqdefault.jpg
Service Based Test Series By GeeksforGeeks,1.1K views,2 years ago,/watch?v=84a0IXscfgE,https://i.ytimg.com/vi/84a0IXscfgE/hqdefault.jpg
India's Biggest Technical Content Writing Event is now LIVE üî¥ Participate Now | GeeksforGeeks,881 views,2 years ago,/watch?v=J63OOZzo-p8,https://i.ytimg.com/vi/J63OOZzo-p8/hqdefault.jpg
Landing SDE Role at Paytm | GeeksforGeeks,1.5K views,2 years ago,/watch?v=fyo53bLMyA4,https://i.ytimg.com/vi/fyo53bLMyA4/hqdefault.jpg
SDE at Paytm using GFG | GeeksforGeeks,1.4K views,2 years ago,/watch?v=RB1qpEZrcYo,https://i.ytimg.com/vi/RB1qpEZrcYo/hqdefault.jpg
Roadmap to a Career at Amazon | Preparation Strategies by Senior QAE | GeeksforGeeks,8.2K views,2 years ago,/watch?v=e_nnIOwhgzY,https://i.ytimg.com/vi/e_nnIOwhgzY/hqdefault.jpg
Happy Diwali | GeeksforGeeks presents office Diwali Party,1.4K views,2 years ago,/watch?v=mCvuYVwmU2Y,https://i.ytimg.com/vi/mCvuYVwmU2Y/hqdefault.jpg
Data Analysis Complete Roadmap | GeeksforGeeks,4K views,2 years ago,/watch?v=VIg0Ka5U3LA,https://i.ytimg.com/vi/VIg0Ka5U3LA/hqdefault.jpg
Roadmap to a Career at Microsoft | Preparation Strategies by Microsoft SDE | GeeksforGeeks,5.9K views,2 years ago,/watch?v=CyI0QuVWawQ,https://i.ytimg.com/vi/CyI0QuVWawQ/hqdefault.jpg
Geek Week 2022 |11th - 17th October | GeeksforGeeks,3.4K views,2 years ago,/watch?v=Aby3ldYnIQE,https://i.ytimg.com/vi/Aby3ldYnIQE/hqdefault.jpg
Happy Dussehra üî•,1.6K views,2 years ago,/watch?v=WkzmnYyEoc8,https://i.ytimg.com/vi/WkzmnYyEoc8/hqdefault.jpg
Stay Tuned for a Big Surprise!!! | GeeksforGeeks,3.1K views,2 years ago,/watch?v=STVrifPDpVU,https://i.ytimg.com/vi/STVrifPDpVU/hqdefault.jpg
GeeksforGeeks Goes to Delhi Technological University | GfG X DTU,1.8K views,2 years ago,/watch?v=QqHMu9gwlno,https://i.ytimg.com/vi/QqHMu9gwlno/hqdefault.jpg
Roadmap to a CAREER AT WALMART | Preparation Strategies by Walmart SDE | GeeksforGeeks,7.8K views,2 years ago,/watch?v=AQHyMunhc_k,https://i.ytimg.com/vi/AQHyMunhc_k/hqdefault.jpg
EP 12 - Roadmap to Web Development | Everything About Web Development Ft. Prakash Sakari,2.9K views,2 years ago,/watch?v=PLdt7UobcoY,https://i.ytimg.com/vi/PLdt7UobcoY/hqdefault.jpg
EP 11 - Road Map of DSA for Web Development | Everything About Web Development Ft. Prakash Sakari,4.2K views,2 years ago,/watch?v=1b0P4IG7MIc,https://i.ytimg.com/vi/1b0P4IG7MIc/hqdefault.jpg
EP 10 - Biggest Coding Mistakes | Everything About Web Development,2.3K views,2 years ago,/watch?v=cAYfzY-9dao,https://i.ytimg.com/vi/cAYfzY-9dao/hqdefault.jpg
EP 9 - Overrated Topics in Web Development | Everything About Web Development,1K views,2 years ago,/watch?v=wnwAYPTf9Z8,https://i.ytimg.com/vi/wnwAYPTf9Z8/hqdefault.jpg
EP 8 -  How Important is UI for Websites? | Everything About Web Development,930 views,2 years ago,/watch?v=imRxEskXGx8,https://i.ytimg.com/vi/imRxEskXGx8/hqdefault.jpg
EP 7 - Underrated Topics in Web Development | Everything About Web Development,1K views,2 years ago,/watch?v=MvxiK9tfjNw,https://i.ytimg.com/vi/MvxiK9tfjNw/hqdefault.jpg
EP 6 - Frameworks to Choose for Web Development | Everything About Web Development,1.2K views,2 years ago,/watch?v=UbFk-BTDnqM,https://i.ytimg.com/vi/UbFk-BTDnqM/hqdefault.jpg
EP 5 - What is Frontend and Backend Development? | Everything About Web Development,1.9K views,2 years ago,/watch?v=xJNtTqSj54M,https://i.ytimg.com/vi/xJNtTqSj54M/hqdefault.jpg
"EP 4 - Is HTML, CSS and JavaScript Enough? | Everything About Web Development Ft. Prakash Sakari",3.5K views,2 years ago,/watch?v=EtZIUwvjzjI,https://i.ytimg.com/vi/EtZIUwvjzjI/hqdefault.jpg
EP 3 - Web Developers vs Website Builders | Everything About Web Development,2.3K views,2 years ago,/watch?v=s09kmxXbPOg,https://i.ytimg.com/vi/s09kmxXbPOg/hqdefault.jpg
EP 2 - Future of Web Development | Everything About Web Development,4.6K views,2 years ago,/watch?v=B40zC1_sJiE,https://i.ytimg.com/vi/B40zC1_sJiE/hqdefault.jpg
EP 1 - Web 3.0 Explained! Web 1.0 vs Web 2.0 vs Web3.0 | Everything About Web Development,4.7K views,2 years ago,/watch?v=6ktny7tGepA,https://i.ytimg.com/vi/6ktny7tGepA/hqdefault.jpg
Job or Higher Studies? The BEST Choice After Graduation! Ft. Avinash Kumar | GeeksforGeeks,8.6K views,2 years ago,/watch?v=fYlESZ6SaCA,https://i.ytimg.com/vi/fYlESZ6SaCA/hqdefault.jpg
Capture Your Dream Job with Job-A-Thon | Monthly Hiring Challenges by GeeksforGeeks,3K views,2 years ago,/watch?v=m7mnwQKgpzw,https://i.ytimg.com/vi/m7mnwQKgpzw/hqdefault.jpg
Walmart Interview Experience 2022 | Walmart Interview Questions | GeeksforGeeks,21K views,2 years ago,/watch?v=eKzxoEG981g,https://i.ytimg.com/vi/eKzxoEG981g/hqdefault.jpg
How A Medical Aspirant Cracked FAANG? | Amazon Interview Experience | GeeksforGeeks,3.1K views,2 years ago,/watch?v=Dg4coPjDc6M,https://i.ytimg.com/vi/Dg4coPjDc6M/hqdefault.jpg
Refer And Earn | Referral Program By GeeksforGeeks,2.7K views,2 years ago,/watch?v=V6J24JJGhXc,https://i.ytimg.com/vi/V6J24JJGhXc/hqdefault.jpg
A++ Advice To Get Your Dream Job | GeeksforGeeks ft. @thegeekmonk1707,4.7K views,2 years ago,/watch?v=npPgivbw-9U,https://i.ytimg.com/vi/npPgivbw-9U/hqdefault.jpg
Dream Company Ka Sapna Ab Hoga Poora | GeeksforGeeks ft. @shashank_mishra,5.5K views,2 years ago,/watch?v=uDP13fwrhwI,https://i.ytimg.com/vi/uDP13fwrhwI/hqdefault.jpg
"GfG Karlo, Ho Jayega! | GeeksforGeeks ft. @itssiddharthsingh",6.1K views,2 years ago,/watch?v=KfFVWqHUjPo,https://i.ytimg.com/vi/KfFVWqHUjPo/hqdefault.jpg
Refer Your Friends: Learn And Earn Together | Refer & Earn | GeeksforGeeks,1.8K views,2 years ago,/watch?v=5G9xd86FPUg,https://i.ytimg.com/vi/5G9xd86FPUg/hqdefault.jpg
Job-A-Thon Exclusive: Hiring Challenge For Amazon Alexa | GeeksforGeeks,3.9K views,2 years ago,/watch?v=m1uCZUvw8Wg,https://i.ytimg.com/vi/m1uCZUvw8Wg/hqdefault.jpg
Presenting Coders Ka Dost | GeeksforGeeks Ft. @Hustle_With_Harman,7.7K views,2 years ago,/watch?v=LawzObS9uww,https://i.ytimg.com/vi/LawzObS9uww/hqdefault.jpg
How To Crack FAANG Companies As A Tier-3 College Student? | GeeksforGeeks,8.5K views,2 years ago,/watch?v=bgCWuH4ZpM8,https://i.ytimg.com/vi/bgCWuH4ZpM8/hqdefault.jpg
Weekly Interview Series By GeeksforGeeks | Practice Interview Problems,81K views,2 years ago,/watch?v=1D7HZw9RQ9M,https://i.ytimg.com/vi/1D7HZw9RQ9M/hqdefault.jpg
THIS Will Make You RICH! | Make Money Sitting at Home | GeeksforGeeks,7.2K views,2 years ago,/watch?v=GgTKUySIzD0,https://i.ytimg.com/vi/GgTKUySIzD0/hqdefault.jpg
Geek-O-Lympics 2022 | GeeksforGeeks,3.7K views,2 years ago,/watch?v=G3T57IkE-PY,https://i.ytimg.com/vi/G3T57IkE-PY/hqdefault.jpg
How To Land A Consultancy Job Without An MBA?  Ft. Dhairya Gangwani | GeeksforGeeks,18K views,2 years ago,/watch?v=0bce9CP2uEo,https://i.ytimg.com/vi/0bce9CP2uEo/hqdefault.jpg
"DON'T Repeat These 5 Coding Mistakes! Ft. Prakash Sakari, Mentor - GeeksforGeeks",6.7K views,2 years ago,/watch?v=EHWtNSP2nWI,https://i.ytimg.com/vi/EHWtNSP2nWI/hqdefault.jpg
Delivery Hero Interview Experience 2022 | Delivery Hero Interview Questions | GeeksforGeeks,6.5K views,2 years ago,/watch?v=Rj1TxLy1fb8,https://i.ytimg.com/vi/Rj1TxLy1fb8/hqdefault.jpg
Geek-O-Lympics 2022 LIVE Now | GeeksforGeeks,3.5K views,2 years ago,/watch?v=wHwqqjHdX70,https://i.ytimg.com/vi/wHwqqjHdX70/hqdefault.jpg
Geek-O-Lympics 2022,3.4K views,2 years ago,/watch?v=jF_yK4XRk40,https://i.ytimg.com/vi/jF_yK4XRk40/hqdefault.jpg
"Not from tier 1 college? No problem! | GeeksforGeeks ft@TharunSpeaks  | GfG Karlo, Ho Jayega!",9.1K views,2 years ago,/watch?v=KOR03BBr9MY,https://i.ytimg.com/vi/KOR03BBr9MY/hqdefault.jpg
Spend Your Summer Vacations Wisely! Ft. Sandeep Sir | GeeksforGeeks,9.8K views,2 years ago,/watch?v=npoTmRqPjcU,https://i.ytimg.com/vi/npoTmRqPjcU/hqdefault.jpg
PayPal Interview Experience 2022 | PayPal Interview Questions | GeeksforGeeks,12K views,2 years ago,/watch?v=-S7R-NBIeI8,https://i.ytimg.com/vi/-S7R-NBIeI8/hqdefault.jpg
"Zabardast Gyaan | GeeksforGeeks ft. @IqlipseNova   | GfG Karlo, Ho Jayega!",28K views,2 years ago,/watch?v=p0n8lcCiR9Q,https://i.ytimg.com/vi/p0n8lcCiR9Q/hqdefault.jpg
Google Interview Experience 2022 | Google Interview Process | GeeksforGeeks,65K views,2 years ago,/watch?v=lmCJyfYsBHo,https://i.ytimg.com/vi/lmCJyfYsBHo/hqdefault.jpg
Happy Fathers Day | GeeksforGeeks,2.2K views,2 years ago,/watch?v=I0Nx2l2wiU4,https://i.ytimg.com/vi/I0Nx2l2wiU4/hqdefault.jpg
From One Aspirant To Another | GeeksforGeeks ft. Naveen Kasturia,3.4K views,2 years ago,/watch?v=rGCEvfeJD-w,https://i.ytimg.com/vi/rGCEvfeJD-w/hqdefault.jpg
"How to Prepare a Winning Resume in 5 Steps Ft. Prakash Sakari, Mentor - GeeksforGeeks",3.6K views,2 years ago,/watch?v=tUan6S_9Z9g,https://i.ytimg.com/vi/tUan6S_9Z9g/hqdefault.jpg
One Stop Destination To Succeed In The World Of Coding! | GeeksforGeeks ft. Mayur More,33K views,2 years ago,/watch?v=7_8wrRym7kU,https://i.ytimg.com/vi/7_8wrRym7kU/hqdefault.jpg
Hotstar Interview Experience 2022 | Hotstar Interview Process | GeeksforGeeks,9.2K views,2 years ago,/watch?v=a5WeFxOoo_E,
"GeeksforGeeks Goes To Dronacharya College, Gurugram",1.5K views,2 years ago,/watch?v=iNfcO0aF7uI,
BEST Opportunities For Women In Technology | Internships & Courses #shorts,2.8K views,2 years ago,/watch?v=rQfJyOhh0BM,
GeeksforGeeks Goes To KIET Ghaziabad,2.9K views,2 years ago,/watch?v=wPSJUa6sPv0,
